pred,bin_treshhold,verdict,target,fb_max
0.40000071029059975,0.3999999999999999,True,1,0.5186
0.4285714959954545,0.41999999999999993,True,1,0.552
0.454545457395778,0.44999999999999996,True,1,0.5806
0.4782608695815332,0.47,True,1,0.606
0.5,0.5,True,1,0.6284
0.5,0.5,True,1,0.6484
0.5,0.5,True,1,0.6665
0.5,0.5,True,1,0.683
0.5,0.5,True,1,0.6978
0.5172413793071242,0.5,True,1,0.711
0.5333333330082128,0.5,True,1,0.7236
0.5483870923590191,0.5,True,1,0.735
0.5624999735192963,0.5,True,1,0.745
0.5757574739779401,0.5,True,1,0.755
0.5882349982729195,0.5,True,1,0.7637
0.5999992897094002,0.5,True,1,0.772
0.6111096265905744,0.5,True,1,0.78
0.6216188278825714,0.5,True,1,0.787
0.6315789473551516,0.5,True,1,0.7935
0.6410256409877175,0.5,True,1,0.8
0.6499999999033329,0.5,True,1,0.806
0.658536585141785,0.5,True,1,0.8115
0.6666666661872305,0.5,True,1,0.817
0.6744186036929322,0.5,True,1,0.822
0.6818181816883958,0.5,True,1,0.8267
0.6888888856542305,0.5,True,1,0.831
0.695652173708505,0.5,True,1,0.8354
0.7021276588414813,0.5,True,1,0.8394
0.7083333188228113,0.5,True,1,0.8433
0.7142856919165493,0.5,True,1,0.847
0.7199999664651812,0.5,True,1,0.8506
0.7254901214654591,0.5,True,1,0.854
0.7307692057160581,0.5,True,1,0.857
0.7358489585260358,0.5,True,1,0.8604
0.7407406060025555,0.5,True,1,0.8633
0.7454543635086717,0.5,True,1,0.866
0.7499995999954293,0.5,True,1,0.8687
0.7543856480655935,0.5,True,1,0.871
0.7586202800681598,0.5,True,0,0.874
0.745760356793777,0.5,True,0,0.865
0.7333332502346638,0.5,True,0,0.857
0.7213114386609676,0.5,True,0,0.849
0.7096747218604376,0.5,True,0,0.8413
0.6984126915461779,0.5,True,0,0.8335
0.6874999971103978,0.5,True,0,0.8257
0.6769230757321835,0.5,True,0,0.8184
0.6666666661872305,0.5,True,0,0.811
0.6567163845725309,0.5,True,0,0.8037
0.6470588234578335,0.5,True,0,0.7964
0.6376811593939282,0.5,True,0,0.7896
0.6285673077003573,0.5,True,0,0.7827
0.6197158079699215,0.5,True,1,0.776
0.6249999999110677,0.5,True,1,0.78
0.6301325014200214,0.5,True,1,0.783
0.6351351323556262,0.5,True,1,0.787
0.6399999999154242,0.5,True,1,0.7905
0.644736841889485,0.5,True,1,0.7935
0.6493506491164052,0.5,True,1,0.797
0.6538461523240802,0.5,True,1,0.8
0.658227847883739,0.5,True,1,0.803
0.6624999715318864,0.5,True,1,0.806
0.6666666618882305,0.5,True,1,0.8086
0.6707303694730369,0.5,True,1,0.8115
0.6746977446342698,0.5,True,1,0.8145
0.6785714271995886,0.5,True,1,0.817
0.6823529392876507,0.5,True,1,0.8193
0.6860465115352427,0.5,True,1,0.822
0.6896551631870138,0.5,True,1,0.824
0.6931814831705204,0.5,True,1,0.8267
0.6966292071576803,0.5,True,1,0.829
0.699999966838043,0.5,True,0,0.831
0.6924270494772896,0.5,True,0,0.8257
0.6873677923032223,0.5,True,0,0.8203
0.6775285711637118,0.5,True,0,0.8154
0.6709375054698763,0.5,True,0,0.81
0.6634153170476424,0.5,True,0,0.805
0.6579485174092755,0.5,True,0,0.8
0.6516134426346001,0.5,True,0,0.795
0.6428571401745089,0.5,True,0,0.79
0.636363636340848,0.5,True,0,0.785
0.6304713933717431,0.5,True,0,0.7803
0.6265473201938729,0.5,True,0,0.776
0.6238946359024131,0.5,True,1,0.7803
0.6234856896983502,0.5,True,1,0.774
0.6272794289189222,0.5,True,1,0.7764
0.6351379968462431,0.5,True,1,0.788
0.6378841721586357,0.5,True,1,0.7905
0.637362926139758,0.5,True,1,0.784
0.6415124845766663,0.5,True,1,0.7866
0.6486033452302976,0.5,True,1,0.798
0.6523867570178493,0.5,True,1,0.8
0.6554043644040579,0.5,True,1,0.8022
0.6554028392422117,0.5,True,1,0.796
0.6631763174253079,0.5,True,1,0.8066
0.6635971916793776,0.5,True,1,0.8
0.667830760308772,0.5,True,1,0.8105
0.6683086840045281,0.5,True,1,0.804
0.6715740516465154,0.5,True,1,0.806
0.6747939819183614,0.5,True,0,0.808
0.6720885491855577,0.5,True,0,0.812
0.6649272741477726,0.5,True,0,0.808
0.6589676464221786,0.5,True,0,0.808
0.6535830398498278,0.5,True,0,0.8
0.651609807726566,0.5,True,0,0.796
0.644866683074803,0.5,True,0,0.792
0.6389767942303034,0.5,True,0,0.792
0.6330502599227895,0.5,True,0,0.788
0.6277205813197382,0.5,True,1,0.7803
0.6278318495096087,0.5,True,1,0.775
0.6335397312524946,0.5,True,1,0.7847
0.6368326975677209,0.5,True,1,0.7866
0.6400714697896038,0.5,True,1,0.7886
0.6423401663901096,0.5,True,1,0.783
0.6439210928536383,0.5,True,1,0.785
0.6466109286308086,0.5,True,1,0.787
0.6572471938587169,0.5,True,1,0.8
0.6575690902498657,0.5,True,1,0.802
0.6609801615925108,0.5,True,1,0.8037
0.6638237879751179,0.5,True,1,0.805
0.667794697888664,0.5,True,1,0.8037
0.6705837899596522,0.5,True,1,0.805
0.6732720098093051,0.5,True,1,0.8066
0.6759303480866472,0.5,True,1,0.8086
0.6785340847639322,0.5,True,1,0.81
0.6807549755325545,0.5,True,1,0.8115
0.682891568499855,0.5,True,1,0.8135
0.6423805351160413,0.5,True,1,0.815
0.6853699177027228,0.5,True,1,0.8164
0.6876787138741993,0.5,True,1,0.818
0.6899599001939626,0.5,True,1,0.8193
0.6943714242983702,0.5,True,1,0.821
0.6944075775047637,0.5,True,1,0.8223
0.6966301132059818,0.5,True,1,0.8237
0.6988402855720828,0.5,True,1,0.8247
0.7010555184206283,0.5,True,1,0.826
0.7033227384734897,0.5,True,1,0.8276
0.43795114315050576,0.5,False,1,0.829
0.7051793880254531,0.5,True,1,0.8237
0.7072962011352775,0.5,True,1,0.825
0.7108840611142777,0.5,True,1,0.8325
0.5757921800408267,0.5,True,1,0.834
0.7129944423178125,0.5,True,1,0.829
0.7155322414128271,0.5,True,1,0.8306
0.7174091782027365,0.5,True,1,0.8315
0.7161949583939178,0.5,True,1,0.8325
0.7213557280839671,0.5,True,1,0.84
0.7220712894751087,0.5,True,1,0.841
0.7238293379587488,0.5,True,1,0.8364
0.7265574158285063,0.5,True,1,0.8374
0.7283430152756397,0.5,True,1,0.844
0.7291918746135141,0.5,True,1,0.8394
0.731703986631635,0.5,True,1,0.846
0.731596501943183,0.5,True,1,0.842
0.7349038555192328,0.5,True,1,0.8486
0.7365756960725784,0.5,True,1,0.8496
0.7373326773284736,0.5,True,1,0.8506
0.739123017639409,0.5,True,1,0.8516
0.7423457103680029,0.5,True,1,0.8525
0.7440807506173946,0.5,True,1,0.8535
0.5536465339597868,0.5,True,1,0.8545
0.7436709755547615,0.5,True,1,0.8555
0.7465482633244542,0.5,True,1,0.8564
0.7477888526511096,0.5,True,1,0.857
0.7490355457046104,0.5,True,1,0.858
0.7511691693581195,0.5,True,1,0.859
0.7527332968538678,0.5,True,1,0.86
0.7539035474124844,0.5,True,1,0.861
0.7553929291932332,0.5,True,1,0.8613
0.7717567185790458,0.5,True,1,0.8623
0.794261723959538,0.5,True,1,0.8633
0.83220249023196,0.5,True,1,0.8643
0.7577120798305287,0.5,True,1,0.8647
0.759458024500519,0.5,True,1,0.8657
0.7609310622323362,0.5,True,1,0.8667
0.7618595729484656,0.5,True,1,0.867
0.7634298367816406,0.5,True,1,0.868
0.7669492534845662,0.5,True,1,0.8687
0.7887732957483313,0.5,True,1,0.8647
0.8011285332180513,0.5,True,1,0.87
0.8205235669282454,0.5,True,1,0.866
0.7682036681185797,0.5,True,1,0.8716
0.7696834520300471,0.5,True,1,0.8726
0.8118114774626206,0.5,True,1,0.873
0.7728787605916354,0.5,True,1,0.874
0.7745208898063545,0.5,True,1,0.877
0.7767580691679771,0.5,True,1,0.8755
0.7778176128080094,0.5,True,1,0.876
0.7797296344910895,0.5,True,1,0.877
0.8492110692606349,0.5,True,1,0.8774
0.7801408838715278,0.5,True,1,0.878
0.850946361197353,0.5,True,1,0.879
0.7822881986813237,0.5,True,1,0.8794
0.4013654563853041,0.5,False,1,0.88
0.7371077123771057,0.5,True,1,0.883
0.7816404058953942,0.5,True,1,0.884
0.7849044127144209,0.5,True,1,0.8843
0.7861557255027833,0.5,True,1,0.885
0.7827690907531573,0.5,True,1,0.8833
0.7851867767708918,0.5,True,1,0.884
0.7914097366525794,0.5,True,1,0.8843
0.7911971634374303,0.5,True,1,0.887
0.8477367473762293,0.5,True,1,0.8877
0.7892702438982068,0.5,True,1,0.886
0.7933931559980707,0.5,True,1,0.8867
0.7898574227631142,0.5,True,1,0.887
0.7952374060325296,0.5,True,1,0.89
0.799307024971914,0.5,True,1,0.888
0.796456251144455,0.5,True,1,0.891
0.738363630300312,0.5,True,1,0.8896
0.7933735638843764,0.5,True,1,0.89
0.8047468863789757,0.5,True,1,0.8906
0.8659229502098753,0.5,True,1,0.891
0.8062262310663095,0.5,True,1,0.8916
0.7972587096989696,0.5,True,1,0.892
0.8007790928051168,0.5,True,1,0.8926
0.8004295217507668,0.5,True,1,0.893
0.7488989213373805,0.5,True,1,0.8936
0.8045115764167099,0.5,True,1,0.894
0.8028367126544776,0.5,True,1,0.8945
0.765830069660066,0.5,True,1,0.895
0.8078484473353473,0.5,True,1,0.8955
0.8859010792220834,0.5,True,1,0.896
0.8068285297581382,0.5,True,1,0.8965
0.8080687292455295,0.5,True,1,0.897
0.8602434965677771,0.5,True,1,0.8975
0.8073254138305539,0.5,True,1,0.898
0.8083823271666004,0.5,True,1,0.8984
0.9069512377415532,0.5,True,1,0.899
0.8112840907205716,0.5,True,1,0.8994
0.8118847776302274,0.5,True,1,0.9
0.8119860953915227,0.5,True,1,0.9004
0.814180286260103,0.5,True,1,0.901
0.8147420545683707,0.5,True,1,0.901
0.8150404389475127,0.5,True,1,0.9014
0.8270113426012577,0.5,True,1,0.902
0.9061561470041292,0.5,True,1,0.9023
0.8162169520234723,0.5,True,1,0.903
0.8171419097743555,0.5,True,1,0.9033
0.5587107184027678,0.5,True,1,0.904
0.8193074063460247,0.5,True,1,0.904
0.8827622820818557,0.5,True,1,0.9043
0.8199662852145502,0.5,True,1,0.905
0.8231780862736026,0.5,True,1,0.9053
0.824057993837355,0.5,True,1,0.906
0.8223193259630681,0.5,True,0,0.9062
0.819463053661741,0.5,True,0,0.9043
0.8155743643825283,0.5,True,0,0.9023
0.7438201585646501,0.5,True,0,0.9004
0.8126941278893041,0.5,True,0,0.8984
0.807728212894658,0.5,True,0,0.8965
0.8038148104190846,0.5,True,0,0.895
0.7980089285754736,0.5,True,0,0.893
0.7949406407633398,0.5,True,0,0.891
0.7965248906740662,0.5,True,0,0.889
0.7945835969335856,0.5,True,0,0.8877
0.7894379106618963,0.5,True,0,0.8857
0.70662293660236,0.5,True,0,0.884
0.7837915550798426,0.5,True,0,0.8823
0.7810188070465643,0.48,True,0,0.8804
0.7790937434466766,0.5,True,0,0.8784
0.7740634321588358,0.5,True,0,0.877
0.7700620315234924,0.5,True,0,0.875
0.7661111532014119,0.5,True,0,0.873
0.7621990248901714,0.5,True,0,0.8716
0.7271390124230936,0.5,True,0,0.8696
0.7495041898164588,0.5,True,0,0.8647
0.7494949957055939,0.5,True,0,0.863
0.7510232417314796,0.5,True,0,0.8647
0.7472167195107917,0.5,True,0,0.863
0.5710089382379789,0.5,True,0,0.8613
0.8122151506049728,0.5,True,0,0.8594
0.7391819989133799,0.5,True,1,0.858
0.7416321678154129,0.5,True,1,0.8584
0.7387685444719573,0.5,True,1,0.8555
0.7399879000250499,0.5,True,1,0.856
0.744358354712932,0.5,True,1,0.86
0.7448090885296537,0.5,True,1,0.8604
0.7459984305217329,0.5,True,1,0.861
0.7484350500206041,0.5,True,1,0.8613
0.748059419734103,0.5,True,1,0.8604
0.7494227465349669,0.43999999999999995,True,1,0.863
0.7507785704417965,0.44999999999999996,True,1,0.8633
0.6255291905049852,0.44999999999999996,True,1,0.864
0.7547032812402028,0.5,True,1,0.8643
0.8508771217374997,0.5,True,1,0.8647
0.7557704053813543,0.5,True,1,0.865
0.7574993752784474,0.5,True,1,0.867
0.7550350873424484,0.5,True,1,0.8643
0.7572318627394106,0.5,True,1,0.8647
0.7596650419636782,0.5,True,1,0.867
0.8803051668300318,0.5,True,1,0.8677
0.7625174835671024,0.5,True,1,0.868
0.7840086313375082,0.5,True,1,0.8667
0.7597648651083114,0.5,True,1,0.867
0.7608380476262193,0.5,True,1,0.8677
0.7640050971824407,0.5,True,1,0.87
0.7641246648450528,0.5,True,1,0.8706
0.7651820710410175,0.5,True,1,0.871
0.764739292576533,0.5,True,1,0.8716
0.7827495355650247,0.5,True,1,0.872
0.7528249304203597,0.5,True,1,0.8726
0.7677918711305963,0.5,True,1,0.8726
0.7689588633370461,0.5,True,1,0.873
0.7709076999429567,0.5,True,1,0.8735
0.9157738653806653,0.5,True,1,0.874
0.7712826562944309,0.5,True,1,0.8745
0.7879009022745099,0.5,True,1,0.875
0.7722173242605654,0.5,True,1,0.8755
0.7731840372255449,0.5,True,1,0.876
0.7735884320904592,0.5,True,1,0.8765
0.6866982366044253,0.5,True,1,0.877
0.7752703372667177,0.5,True,1,0.874
0.7766808520028684,0.5,True,1,0.8745
0.7782792735297396,0.5,True,1,0.878
0.7791637938855457,0.5,True,1,0.8755
0.7790993547351218,0.5,True,1,0.879
0.7812258268575751,0.5,True,1,0.881
0.7820597035026244,0.5,True,1,0.881
0.7829527087621811,0.5,True,1,0.8813
0.7827115205842773,0.5,True,1,0.8804
0.7844537096738274,0.5,True,1,0.8804
0.7839213106913451,0.5,True,1,0.8813
0.9700290703699934,0.5,True,0,0.8813
0.7881557888420427,0.5,True,0,0.8774
0.7854188817585647,0.5,True,0,0.876
0.7822706299642874,0.5,True,0,0.8745
0.7791838777115857,0.5,True,0,0.873
0.8652943474113112,0.5,True,0,0.8716
0.7750668314401377,0.5,True,0,0.87
0.7714674110598405,0.5,True,0,0.8687
0.7764530607016318,0.5,True,0,0.867
0.5202586170551422,0.5,True,0,0.8657
0.7666931678056557,0.5,True,0,0.868
0.7626383313804628,0.48,True,1,0.8657
0.7731983244977274,0.48,True,1,0.866
0.7638398739636723,0.47,True,1,0.8667
0.7709344417637585,0.47,True,1,0.867
0.7122157465488368,0.47,True,1,0.8677
0.7695084478418549,0.45999999999999996,True,1,0.8696
0.7838672375007324,0.5,True,1,0.8696
0.7699955947245731,0.45999999999999996,True,1,0.87
0.7709783812474208,0.45999999999999996,True,1,0.8706
0.7835606942737648,0.45999999999999996,True,1,0.871
0.7688616067357888,0.47,True,1,0.87
0.7695466367013767,0.48,True,1,0.8706
0.8141222246204454,0.48,True,1,0.871
0.7701253003000065,0.5,True,1,0.871
0.7720782780876659,0.47,True,1,0.8716
0.7746171190698925,0.47,True,1,0.872
0.7732831689932185,0.5,True,1,0.8735
0.7739652182491265,0.48,True,1,0.873
0.7747479528431827,0.5,True,1,0.873
0.7761856042501245,0.47,True,1,0.8735
0.7941813643419793,0.47,True,1,0.874
0.8285260324395066,0.48,True,1,0.8745
0.7774560889127407,0.47,True,1,0.875
0.8322768355969867,0.5,True,1,0.875
0.780063247433328,0.5,True,1,0.8765
0.8730338196406361,0.47,True,1,0.876
0.8240455911148613,0.47,True,1,0.8765
0.7789263180302852,0.5,True,1,0.8765
0.7807667347277781,0.47,True,1,0.877
0.7805954352697824,0.45999999999999996,True,1,0.8774
0.29683040864488863,0.48,False,1,0.878
0.7821696313476412,0.3799999999999999,True,1,0.8755
0.782921218049375,0.3799999999999999,True,1,0.876
0.5405540340182767,0.3999999999999999,True,1,0.8765
0.6286437655393836,0.5,True,1,0.8765
0.7503462131871143,0.44999999999999996,True,1,0.877
0.6384062413843145,0.44999999999999996,True,1,0.8774
0.7846908069682216,0.45999999999999996,True,1,0.878
0.7884635240133651,0.5,True,1,0.878
0.7892875919444075,0.42999999999999994,True,1,0.8784
0.7944262110912137,0.45999999999999996,True,1,0.879
0.8412146893671636,0.45999999999999996,True,1,0.879
0.8683484647956471,0.48,True,1,0.8794
0.7868843955797459,0.45999999999999996,True,1,0.88
0.7866135112924357,0.49,True,1,0.88
0.7893986055111295,0.45999999999999996,True,1,0.8804
0.7904724549562543,0.42999999999999994,True,1,0.881
0.7871091777472826,0.42999999999999994,True,1,0.8813
0.8489410645055525,0.5,True,1,0.8813
0.7899167014920989,0.47,True,1,0.882
0.845425945368053,0.47,True,1,0.8823
0.7913419554707432,0.44999999999999996,True,0,0.8823
0.7889414161652428,0.44999999999999996,True,0,0.8813
0.7841673393374925,0.5,True,0,0.88
0.7823056872513956,0.47,True,0,0.879
0.7819429574852037,0.5,True,0,0.8774
0.7791557074699715,0.43999999999999995,True,0,0.8765
0.7720549268333163,0.48,True,0,0.875
0.7720756362371477,0.45999999999999996,True,0,0.874
0.8069310631778178,0.45999999999999996,True,0,0.8726
0.7624667573624593,0.47,True,0,0.8716
0.8028630798639402,0.47,True,0,0.8706
0.8225389378208722,0.48,True,0,0.869
0.749887127774233,0.48,True,0,0.868
0.7915018314994708,0.5,True,0,0.8667
0.7644666500922214,0.5,True,1,0.8657
0.8365801419470108,0.48,True,1,0.866
0.7793139228206268,0.49,True,1,0.866
0.7684665256963571,0.5,True,1,0.868
0.7651231019589533,0.49,True,1,0.867
0.7708367295825435,0.5,True,1,0.8677
0.7716960217555358,0.5,True,1,0.8677
0.7700490230698207,0.5,True,1,0.868
0.7740824977583787,0.44999999999999996,True,1,0.8687
0.7749335234216451,0.5,True,1,0.8687
0.7724199663333291,0.5,True,1,0.869
0.7760063011037223,0.49,True,1,0.8696
0.7768448579759857,0.47,True,1,0.87
0.7295625615304381,0.49,True,1,0.87
0.7770590306197407,0.5,True,1,0.8706
0.7790038324071172,0.43999999999999995,True,1,0.871
0.7784235628027292,0.49,True,1,0.871
0.7772149979801816,0.47,True,1,0.8716
0.7780031635350622,0.47,True,1,0.872
0.779960705917186,0.49,True,1,0.872
0.7807182792662383,0.49,True,1,0.8726
0.7814623900015585,0.49,True,1,0.873
0.8027209644233608,0.47,True,1,0.873
0.7844718094150503,0.5,True,1,0.8735
0.7806743474847883,0.49,True,1,0.874
0.7814206947672173,0.49,True,1,0.874
0.7005781469852371,0.49,True,1,0.8745
0.7871670748483179,0.43999999999999995,True,1,0.875
0.7873518305297619,0.5,True,1,0.875
0.7751445379526144,0.43999999999999995,True,1,0.8755
0.786044655974241,0.5,True,1,0.876
0.7867508461026795,0.5,True,1,0.876
0.7931893417113262,0.43999999999999995,True,1,0.8765
0.7939315278305639,0.43999999999999995,True,1,0.877
0.7946717190088745,0.47,True,1,0.877
0.7843214607294542,0.5,True,1,0.8774
0.7884293689793931,0.5,True,1,0.8774
0.7891149930636343,0.5,True,1,0.878
0.7877173662098309,0.49,True,1,0.8784
0.790435589723708,0.49,True,1,0.8784
0.790541904191913,0.5,True,1,0.879
0.791785972788546,0.49,True,1,0.879
0.7995411678399666,0.5,True,1,0.8794
0.7911061724454957,0.49,True,1,0.88
0.7936406332089604,0.49,True,1,0.88
0.770401072175049,0.5,True,1,0.8804
0.7923054529216931,0.5,True,1,0.8804
0.7929901731489063,0.5,True,1,0.881
0.7952293043743288,0.49,True,1,0.8813
0.6851973285348212,0.5,True,1,0.8813
0.6896078540628034,0.5,True,1,0.882
0.7974113881487775,0.5,True,1,0.882
0.7966358548990248,0.5,True,1,0.8823
0.7969554855815357,0.5,True,1,0.8823
0.797892020023862,0.5,True,1,0.883
0.7985473835961087,0.5,True,1,0.8833
0.778046392454909,0.5,True,1,0.8833
0.7980040504388616,0.5,True,1,0.884
0.7986598322944034,0.5,True,1,0.884
0.799489385826643,0.5,True,1,0.8843
0.838376945295548,0.5,True,1,0.8843
0.7994329029933277,0.5,True,1,0.885
0.8033127690954526,0.5,True,1,0.8853
0.8179835132864641,0.5,True,1,0.8853
0.519175547583643,0.5,True,1,0.8857
0.8368292926307176,0.5,True,1,0.8857
0.8031544023087395,0.5,True,1,0.886
0.8041524092785259,0.5,True,1,0.886
0.8047684744258436,0.5,True,1,0.8867
0.8049889610412826,0.5,True,1,0.8867
0.8056725942074519,0.5,True,1,0.887
0.7831979786915663,0.5,True,1,0.887
0.8065047561234027,0.5,True,1,0.8877
0.8069381305705177,0.5,True,1,0.8877
0.8077791756866993,0.5,True,1,0.888
0.8071893347155282,0.5,True,1,0.888
0.8132984571920975,0.5,True,1,0.8887
0.8090515580603834,0.5,True,1,0.8887
0.8079665552137999,0.5,True,1,0.889
0.809755443776556,0.5,True,1,0.889
0.8665692454507821,0.5,True,1,0.8896
0.8107729993128862,0.5,True,1,0.8896
0.895373351564862,0.5,True,1,0.89
0.8121922480534964,0.5,True,1,0.89
0.8441508728798045,0.5,True,1,0.8906
0.8103466496325784,0.5,True,1,0.8906
0.6503383180985123,0.5,True,1,0.891
0.8125941149706432,0.5,True,1,0.891
0.814128169659387,0.5,True,1,0.8916
0.7949042291943864,0.5,True,1,0.8916
0.8122918894474599,0.5,True,1,0.892
0.8140605725236816,0.5,True,1,0.892
0.8145649845354652,0.5,True,1,0.8926
0.8169407571927219,0.5,True,1,0.8926
0.822918855546995,0.5,True,1,0.893
0.8302640143703878,0.5,True,1,0.893
0.8167880582422297,0.5,True,1,0.8936
0.8173441331992652,0.5,True,1,0.8936
0.8250947285794898,0.5,True,1,0.894
0.8011845560019375,0.5,True,1,0.894
0.8159927198542003,0.5,True,1,0.8945
0.8165368638671854,0.5,True,1,0.8945
0.7191234679310142,0.5,True,1,0.895
0.824605498639241,0.5,True,1,0.895
0.7437481454102144,0.5,True,1,0.895
0.8202094912076601,0.5,True,1,0.8955
0.8207462178057057,0.5,True,1,0.8955
0.8622216727427269,0.5,True,1,0.896
0.8170326488148579,0.5,True,1,0.896
0.8708327346760921,0.5,True,1,0.8965
0.8221434232187095,0.5,True,1,0.8965
0.8212626541098893,0.5,True,1,0.897
0.8229642818527688,0.5,True,1,0.897
0.824071921667002,0.5,True,1,0.897
0.8210668714616396,0.5,True,1,0.8975
0.8191398312913677,0.5,True,1,0.8975
0.8250877428556704,0.5,True,1,0.898
0.7553193959682036,0.5,True,1,0.898
0.8239918277426216,0.5,True,1,0.8984
0.8206387277072318,0.5,True,1,0.8984
0.8268545370963627,0.5,True,1,0.8984
0.8273474492284066,0.5,True,1,0.899
0.8229935224298338,0.5,True,1,0.899
0.6361057875413433,0.5,True,1,0.8994
0.8236515723345544,0.5,True,1,0.8994
0.8239135896255785,0.5,True,1,0.9
0.8138672533576857,0.5,True,1,0.9
0.8300140633230767,0.5,True,1,0.9
0.6615134953173308,0.5,True,1,0.9004
0.8767824456759662,0.5,True,1,0.9004
0.8381505601924405,0.5,True,1,0.901
0.8282248844435888,0.5,True,1,0.901
0.8273403197823114,0.5,True,1,0.901
0.8235602972106671,0.5,True,1,0.9014
0.8298564275770677,0.5,True,1,0.9014
0.8441367355516856,0.5,True,1,0.902
0.8264232657081361,0.5,True,1,0.902
0.8523339201810379,0.5,True,1,0.902
0.8241863650523242,0.5,True,1,0.9023
0.8251307491920029,0.5,True,1,0.9023
0.823723630792043,0.5,True,1,0.903
0.8453902162784108,0.5,True,1,0.903
0.8250784074879659,0.5,True,1,0.903
0.831165295916513,0.5,True,1,0.9033
0.8250371555235476,0.5,True,1,0.9033
0.830286621601632,0.5,True,1,0.904
0.8299451535984391,0.5,True,1,0.904
0.8304030278827548,0.5,True,1,0.904
0.850005767353963,0.5,True,1,0.9043
0.7506219794625388,0.5,True,1,0.9043
0.8686554722901475,0.5,True,1,0.9043
0.8321299062203453,0.5,True,1,0.905
0.8546754953811465,0.5,True,1,0.905
0.8332587645138166,0.5,True,1,0.9053
0.8302152862776646,0.5,True,1,0.9053
0.8345025528352294,0.5,True,1,0.9053
0.8182926411135787,0.5,True,1,0.906
0.8326307321016275,0.5,True,1,0.906
0.8332400640328387,0.5,True,1,0.906
0.8349220279014672,0.5,True,1,0.9062
0.8349662527558741,0.5,True,1,0.9062
0.8354010731827154,0.5,True,1,0.9067
0.8587826141794668,0.5,True,1,0.9067
0.836597318947292,0.5,True,1,0.9067
0.8355660464142225,0.5,True,1,0.907
0.8394396111860806,0.5,True,1,0.907
0.840348612132604,0.5,True,1,0.907
0.8670123846102038,0.5,True,1,0.9077
0.615270587691155,0.5,True,1,0.9077
0.6888021617325778,0.5,True,1,0.9077
0.8357508791384591,0.5,True,1,0.908
0.8347784149775649,0.5,True,1,0.908
0.8348595216686292,0.5,True,1,0.908
0.8382481644009948,0.5,True,1,0.9087
0.8353811208665616,0.5,True,1,0.9087
0.8613776418366225,0.5,True,1,0.9087
0.863502021951128,0.5,True,1,0.909
0.8098914469360693,0.5,True,1,0.909
0.836115736929666,0.5,True,1,0.909
0.6698479055987105,0.5,True,1,0.9097
0.8389888318219574,0.5,True,1,0.9097
0.8394090562527685,0.5,True,1,0.91
0.8378250146423508,0.5,True,1,0.91
0.8902805037543218,0.5,True,1,0.91
0.8138089860799583,0.5,True,1,0.9106
0.8805222222775342,0.5,True,1,0.9106
0.83862558293254,0.5,True,1,0.9106
0.9039978004421487,0.5,True,1,0.911
0.7251241117800613,0.5,True,1,0.911
0.838485901848793,0.5,True,1,0.911
0.8388868487267592,0.5,True,1,0.911
0.8393102020825749,0.5,True,1,0.9116
0.8597740374881899,0.5,True,1,0.9116
0.8343030346942913,0.5,True,1,0.9116
0.8962022158782813,0.5,True,1,0.912
0.8391774297255256,0.5,True,1,0.912
0.8402322764230558,0.5,True,1,0.912
0.8406274633921288,0.5,True,1,0.9126
0.8497851836934391,0.5,True,1,0.9126
0.8406685159886325,0.5,True,1,0.9126
0.8410782836502135,0.5,True,1,0.913
0.8414608821596725,0.5,True,1,0.913
0.883564296259117,0.5,True,1,0.913
0.8423052910612371,0.5,True,1,0.9136
0.8423103233091658,0.5,True,1,0.9136
0.8432397319716193,0.5,True,1,0.9136
0.8320300209364411,0.5,True,1,0.914
0.8587141054643586,0.5,True,1,0.914
0.8569044083440635,0.5,True,1,0.914
0.8461367309773876,0.5,True,1,0.914
0.8465964598945221,0.5,True,1,0.9146
0.8604936351346612,0.5,True,1,0.9146
0.8466177169191264,0.5,True,1,0.9146
0.8473216017234684,0.5,True,1,0.915
0.8463865173964268,0.5,True,1,0.915
0.8916071828192986,0.5,True,1,0.915
0.8902297699045773,0.5,True,1,0.9155
0.7781423244829627,0.5,True,1,0.9155
0.7730526923679341,0.5,True,1,0.9155
0.8493339037605454,0.5,True,1,0.9155
0.8897266690773328,0.5,True,1,0.916
0.8490328980450019,0.5,True,1,0.916
0.8488923919035108,0.5,True,1,0.916
0.8511152625164973,0.5,True,1,0.9165
0.8497943612482047,0.5,True,0,0.9165
0.8643016478494219,0.5,True,0,0.9155
0.8464833340729274,0.5,True,0,0.9155
0.8915100247915828,0.5,True,0,0.9165
0.848097507157427,0.5,True,0,0.915
0.8461055716050172,0.5,True,0,0.914
0.8454665073825115,0.5,True,0,0.9126
0.8566967104201715,0.5,True,0,0.9116
0.8800041703719367,0.5,True,0,0.9116
0.8237605330556697,0.5,True,0,0.911
0.8416810680956006,0.5,True,0,0.9097
0.8618087137024211,0.5,True,0,0.9097
0.8691048786220349,0.5,True,0,0.908
0.8712517827639656,0.5,True,0,0.908
0.825207195046719,0.5,True,0,0.907
0.838566261228792,0.5,True,0,0.9067
0.8644224811379758,0.5,True,0,0.905
0.8092311578686625,0.5,True,0,0.9043
0.8392537613680969,0.5,True,0,0.9033
0.8363906050705084,0.5,True,0,0.903
0.8075227307698513,0.5,True,0,0.903
0.8333408145090657,0.5,True,0,0.902
0.8297862972302076,0.5,True,0,0.9014
0.8307634424235457,0.5,True,0,0.9
0.8259261456088006,0.5,True,0,0.899
0.8261428351438915,0.5,True,0,0.899
0.8262022681866409,0.5,True,0,0.8984
0.7651234035711755,0.5,True,0,0.897
0.6516524083010398,0.5,True,0,0.897
0.7827588204105359,0.49,True,0,0.896
0.8232451779458273,0.5,True,0,0.8955
0.8224800837358421,0.5,True,0,0.8955
0.8195291977221564,0.5,True,0,0.8945
0.8383481998445707,0.5,True,0,0.8945
0.8169745698857734,0.5,True,0,0.893
0.7857789240370936,0.5,True,1,0.8926
0.8163702795534483,0.5,True,1,0.8926
0.8533848556128538,0.5,True,1,0.8926
0.8122906646700468,0.5,True,1,0.892
0.8167714878351614,0.5,True,1,0.893
0.8144041616611609,0.5,True,1,0.8926
0.805056918209215,0.5,True,1,0.8936
0.8164417964957128,0.5,True,1,0.8936
0.8168620198242567,0.5,True,1,0.8936
0.8155230425884359,0.5,True,1,0.893
0.8159037386493226,0.5,True,1,0.8936
0.8165381639131858,0.5,True,1,0.8936
0.8519934283312052,0.5,True,1,0.8945
0.7784924204389221,0.5,True,1,0.8945
0.7479969632881642,0.5,True,1,0.894
0.8149219199518867,0.5,True,1,0.894
0.8612841748414916,0.5,True,1,0.8945
0.8181017394273958,0.5,True,1,0.8955
0.819993408457971,0.5,True,1,0.8955
0.7834774973787144,0.5,True,1,0.895
0.8202674007816778,0.5,True,1,0.896
0.8206750422329118,0.5,True,1,0.896
0.8175623820195889,0.5,True,1,0.8955
0.8179690041690917,0.5,True,1,0.8955
0.8183849103996216,0.5,True,1,0.8955
0.7976910790190367,0.5,True,1,0.8965
0.7892329462395614,0.5,True,1,0.897
0.8183936144929119,0.5,True,1,0.896
0.8204034516191062,0.5,True,1,0.8965
0.8214681913751429,0.5,True,1,0.8975
0.8218444650095919,0.5,True,1,0.8975
0.8371932829636198,0.5,True,1,0.897
0.7477744381218963,0.5,True,1,0.897
0.8516977996877795,0.5,True,1,0.897
0.7930142392492033,0.5,True,1,0.898
0.8993469984265514,0.5,True,1,0.8984
0.8596209765272077,0.5,True,1,0.8984
0.823256878149153,0.5,True,1,0.898
0.8236445466832497,0.5,True,1,0.898
0.8240229993891206,0.5,True,1,0.898
0.8680330985349625,0.5,True,1,0.8984
0.38461646655139375,0.5,False,1,0.8984
0.8754995001027593,0.5,True,1,0.8984
0.8223241857452093,0.5,True,1,0.898
0.8116769147137176,0.5,True,1,0.8975
0.8253483029181048,0.5,True,1,0.898
0.8052192404755042,0.5,True,1,0.8984
0.8277713272488888,0.5,True,1,0.8994
0.8257869095362727,0.5,True,1,0.899
0.8935201922103284,0.5,True,1,0.899
0.8274361861413023,0.5,True,1,0.899
0.7122130897288809,0.5,True,1,0.899
0.8252580092127996,0.5,True,1,0.8994
0.8256311641537637,0.5,True,1,0.8994
0.7607497033580078,0.5,True,1,0.8994
0.7423942317106139,0.5,True,1,0.9
0.8259428638724392,0.5,True,1,0.9
0.7749355075058154,0.5,True,1,0.9
0.8272870732282938,0.5,True,1,0.9004
0.8275537263302034,0.5,True,1,0.9004
0.8279110129212146,0.5,True,1,0.9004
0.8277377975376492,0.5,True,1,0.901
0.8151678969215098,0.5,True,1,0.901
0.82375299506887,0.5,True,1,0.901
0.8279536136165625,0.5,True,1,0.901
0.8288858631028547,0.5,True,1,0.9014
0.8292725444778196,0.5,True,1,0.9014
0.8288346803207992,0.5,True,1,0.9014
0.8553603875002942,0.5,True,1,0.902
0.8293384502902875,0.5,True,1,0.902
0.8296872027084333,0.5,True,1,0.902
0.7532465394812329,0.5,True,1,0.9023
0.8296671605986274,0.5,True,1,0.9023
0.8305502941730444,0.5,True,1,0.9023
0.830202748762506,0.5,True,1,0.9023
0.8305403987246499,0.5,True,1,0.903
0.767706720239441,0.5,True,1,0.903
0.831032128041855,0.5,True,1,0.903
0.7580166130230912,0.5,True,1,0.9033
0.8382885952415611,0.5,True,1,0.9033
0.7218562686766773,0.5,True,1,0.9033
0.8298404905800153,0.5,True,1,0.9033
0.8326159052994603,0.5,True,1,0.904
0.8321817515460158,0.5,True,1,0.904
0.8324663685828423,0.5,True,1,0.904
0.8313841863042013,0.5,True,1,0.9043
0.8331160678607042,0.5,True,1,0.9043
0.8133519386419615,0.5,True,1,0.9043
0.7907516477904583,0.5,True,1,0.9043
0.8340921972086947,0.5,True,1,0.905
0.8339672244699728,0.5,True,1,0.905
0.8331147968904551,0.5,True,1,0.905
0.7467481867787923,0.5,True,1,0.9053
0.8335893762785352,0.5,True,1,0.9053
0.8345271286284237,0.5,True,1,0.9053
0.8758805221139959,0.5,True,1,0.9053
0.8355955513243,0.5,True,1,0.9053
0.8337938662948886,0.5,True,1,0.906
0.8342129032062569,0.5,True,1,0.906
0.834534025469146,0.5,True,1,0.9062
0.8546440291415879,0.5,True,1,0.906
0.8361379143251171,0.5,True,1,0.9062
0.8218625380410753,0.5,True,1,0.906
0.8024980571277658,0.5,True,1,0.9067
0.8375771807106588,0.5,True,1,0.9067
0.8378982399863417,0.5,True,1,0.9067
0.8349785754503152,0.5,True,1,0.9062
0.8453348794727763,0.5,True,1,0.907
0.836413009514638,0.5,True,1,0.907
0.6097690318348364,0.5,True,1,0.907
0.8496977697062642,0.5,True,1,0.9067
0.836935459096966,0.5,True,1,0.907
0.838391931891713,0.5,True,1,0.907
0.8369576803271997,0.5,True,1,0.907
0.8390029442178792,0.5,True,1,0.907
0.838823784549478,0.5,True,0,0.9077
0.837429439979963,0.5,True,0,0.9067
0.9128367636226143,0.5,True,0,0.9062
0.7047876580728063,0.5,True,0,0.906
0.8363141621608531,0.5,True,0,0.9053
0.85570294694153,0.5,True,0,0.9043
0.7852903211130834,0.5,True,0,0.904
0.5898324313519085,0.5,True,0,0.9033
0.7572360930939426,0.5,True,0,0.903
0.8349894547421183,0.5,True,0,0.902
0.8126781258421631,0.5,True,0,0.9014
0.6710785193874501,0.5,True,0,0.901
0.913707264459369,0.5,True,0,0.901
0.8337678499137766,0.5,True,0,0.8994
0.8318370262962546,0.5,True,0,0.899
0.8302825445947039,0.5,True,0,0.8984
0.8296069960424649,0.5,True,0,0.8975
0.8261522407137507,0.5,True,0,0.897
0.8246990023617031,0.5,True,0,0.8965
0.8237501097665026,0.5,True,0,0.896
0.8238516775633469,0.5,True,0,0.895
0.821859351442351,0.5,True,0,0.8945
0.758332104006792,0.5,True,0,0.894
0.8349402555189126,0.5,True,0,0.8936
0.8874036983254532,0.5,True,0,0.8926
0.8204868423326283,0.5,True,0,0.892
0.8201945115881826,0.5,True,0,0.8916
0.8181308276929111,0.5,True,0,0.891
0.8164687481597391,0.5,True,0,0.8906
0.8147978593990185,0.5,True,0,0.8896
0.8360166712164739,0.5,True,0,0.8896
0.8155319891633601,0.5,True,0,0.889
0.6940696525438029,0.5,True,1,0.8887
0.7803090996922384,0.5,True,1,0.8887
0.8139191873041345,0.5,True,1,0.8896
0.8143092628384544,0.5,True,1,0.8896
0.8564417362949032,0.5,True,1,0.889
0.8147841301093548,0.5,True,1,0.889
0.8170977767607219,0.5,True,1,0.8896
0.8709081721423783,0.5,True,1,0.8896
0.8131130681387783,0.5,True,1,0.8896
0.8079361468104806,0.5,True,1,0.89
0.8130215475417135,0.5,True,1,0.89
0.8142095661123483,0.5,True,1,0.89
0.8146027070608328,0.5,True,1,0.89
0.6283210220332021,0.5,True,1,0.8906
0.814561517667222,0.5,True,1,0.8906
0.8121011897095038,0.5,True,1,0.8906
0.7663737740060775,0.5,True,1,0.891
0.585956017423491,0.5,True,1,0.891
0.8158681873077608,0.5,True,1,0.891
0.816238867733511,0.5,True,1,0.8916
0.8167244362096898,0.5,True,1,0.8916
0.8170915601699384,0.5,True,1,0.8916
0.817459910147628,0.5,True,1,0.8916
0.6961820347101121,0.5,True,1,0.892
0.8363310576543781,0.5,True,1,0.8926
0.817868177672536,0.5,True,1,0.892
0.7837187057407891,0.5,True,1,0.8916
0.8193729997057013,0.5,True,1,0.892
0.8170844123144108,0.5,True,1,0.8926
0.8182218752671795,0.5,True,1,0.8926
0.8549378182302367,0.5,True,1,0.8926
0.7703792906773667,0.5,True,1,0.893
0.7374729657955955,0.5,True,1,0.893
0.8199101559010871,0.5,True,1,0.8936
0.8202447069715154,0.5,True,1,0.8936
0.8293211872298852,0.5,True,1,0.8936
0.8179719771634391,0.5,True,1,0.8945
0.8213799472082651,0.5,True,1,0.8945
0.8338116756080399,0.5,True,1,0.8945
0.817055730398513,0.5,True,1,0.894
0.8194730999340915,0.5,True,1,0.8936
0.764064044472141,0.5,True,1,0.894
0.8187865566205458,0.5,True,1,0.894
0.8171162537919828,0.5,True,1,0.894
0.8199941247106706,0.5,True,1,0.895
0.8205749830339608,0.5,True,1,0.8955
0.7999294099839126,0.5,True,1,0.8945
0.821991988492198,0.5,True,1,0.895
0.82163987486203,0.5,True,1,0.8955
0.5538953529287779,0.5,True,1,0.8955
0.818923882521534,0.5,True,1,0.895
0.8247312511183444,0.5,True,1,0.896
0.8237349860703617,0.5,True,1,0.896
0.8216050632607138,0.5,True,1,0.8955
0.8219277030867231,0.5,True,1,0.8955
0.8396546489834985,0.5,True,1,0.8955
0.8229016625014077,0.5,True,1,0.8965
0.8217038970492806,0.5,True,1,0.896
0.822008166300884,0.5,True,1,0.896
0.82516314589804,0.5,True,1,0.8975
0.6916469792442304,0.5,True,1,0.8975
0.7720779654808727,0.5,True,1,0.897
0.827652603763398,0.5,True,1,0.898
0.8263549928655956,0.5,True,1,0.8975
0.8143264858204399,0.5,True,1,0.897
0.8276257993325242,0.5,True,1,0.898
0.7941349604034929,0.5,True,1,0.898
0.8243153008313147,0.5,True,1,0.8975
0.8255354147319689,0.5,True,1,0.8975
0.8257490764937778,0.5,True,1,0.8975
0.8261254061790131,0.5,True,1,0.8975
0.8618316683442543,0.5,True,1,0.898
0.8286542911617559,0.5,True,1,0.8984
0.8262036604588329,0.5,True,1,0.898
0.829667073927111,0.5,True,1,0.899
0.7219766410036945,0.5,True,1,0.8984
0.7975668212305194,0.5,True,1,0.8984
0.8266702856541513,0.5,True,1,0.8984
0.7757157546369103,0.5,True,1,0.8994
0.8286505319937107,0.5,True,1,0.899
0.8289431062799315,0.5,True,1,0.899
0.6056841410691516,0.5,True,1,0.899
0.8393941319549194,0.5,True,1,0.9004
0.8302975847831047,0.5,True,1,0.8994
0.8306256046483776,0.5,True,1,0.8994
0.7951499896127482,0.5,True,1,0.8994
0.8309420292066111,0.5,True,0,0.8994
0.8294619257301098,0.5,True,0,0.899
0.8278469840715107,0.5,True,0,0.8984
0.8271361664778066,0.5,True,0,0.898
0.825469863521119,0.5,True,0,0.8975
0.8237839404102117,0.5,True,0,0.897
0.8221108871882085,0.5,True,0,0.8965
0.8204325786277361,0.5,True,0,0.896
0.7515756340830417,0.5,True,0,0.8955
0.8182218154887897,0.5,True,0,0.8945
0.8165122662312729,0.5,True,1,0.894
0.8165748611399946,0.5,True,1,0.8945
0.8169682715520457,0.5,True,1,0.8945
0.8173477671631478,0.5,True,1,0.8945
0.8493109181818094,0.5,True,1,0.8945
0.8683445142089615,0.5,True,1,0.895
0.8177260823335835,0.5,True,1,0.895
0.8181131802540262,0.5,True,1,0.895
0.818386702418723,0.5,True,1,0.895
0.8187667669144454,0.5,True,1,0.8955
0.8487429537724628,0.5,True,1,0.8955
0.8190655904800098,0.5,True,1,0.8955
0.8194420693169676,0.5,True,1,0.8955
0.81982482015354,0.5,True,1,0.896
0.8647299611378299,0.5,True,1,0.896
0.8202376069968578,0.5,True,1,0.896
0.8454981249986165,0.5,True,1,0.896
0.7103979808257045,0.5,True,1,0.8965
0.8206255190720113,0.5,True,1,0.8965
0.8278229931020371,0.5,True,1,0.8965
0.8199302078576193,0.5,True,1,0.8965
0.8207920917832082,0.5,True,1,0.897
0.8552756230128897,0.5,True,1,0.897
0.8210131580867417,0.5,True,1,0.897
0.8466607182673381,0.5,True,1,0.897
0.8211022441559247,0.5,True,1,0.8975
0.8818626872467924,0.5,True,1,0.8975
0.8354269517750726,0.5,True,1,0.8975
0.8224443795711927,0.5,True,1,0.8975
0.7017703226645016,0.5,True,1,0.898
0.8231661901592321,0.5,True,1,0.898
0.7062277342114786,0.5,True,1,0.898
0.810519163857239,0.5,True,1,0.898
0.8230827431406835,0.5,True,1,0.8984
0.7155958703848749,0.5,True,1,0.8984
0.7992882527970241,0.5,True,1,0.8984
0.8247272406114323,0.5,True,1,0.8984
0.8238013690803235,0.5,True,1,0.899
0.8242258927525575,0.5,True,1,0.899
0.8045622288916774,0.5,True,1,0.899
0.8257069097663629,0.5,True,1,0.899
0.8404481999144329,0.5,True,1,0.8994
0.8264288160594637,0.5,True,1,0.8994
0.8264286531486756,0.5,True,1,0.8994
0.7759005026825713,0.5,True,1,0.8994
0.6894826144712678,0.5,True,1,0.8994
0.8257330050163469,0.5,True,1,0.9
0.8260776525875244,0.5,True,1,0.9
0.861076961596669,0.5,True,1,0.9
0.8791762613593601,0.5,True,1,0.9
0.8195195105004821,0.5,True,1,0.9004
0.844728740005772,0.5,True,1,0.9004
0.8275180629729073,0.5,True,1,0.9004
0.8284223497107228,0.5,True,1,0.9004
0.828788998285492,0.5,True,1,0.901
0.8290839544019408,0.5,True,1,0.901
0.7288986514108184,0.5,True,1,0.901
0.8229629009844522,0.5,True,1,0.901
0.8290194454023594,0.5,True,1,0.9014
0.8295300993224014,0.5,True,1,0.9014
0.8153075999909426,0.5,True,1,0.9014
0.761276052274072,0.5,True,1,0.9014
0.8215563129017028,0.5,True,1,0.9014
0.8370726694663234,0.5,True,1,0.902
0.8306776101946907,0.5,True,1,0.902
0.830345153222636,0.5,True,1,0.902
0.8307318677567859,0.5,True,1,0.902
0.8309045748258926,0.5,True,1,0.9023
0.831210695173423,0.5,True,1,0.9023
0.8318276267622521,0.5,True,1,0.9023
0.8350433740356503,0.5,True,1,0.9023
0.8691637414407115,0.5,True,1,0.9023
0.8283539202772117,0.5,True,1,0.903
0.8464232600903256,0.5,True,1,0.903
0.8319747330057727,0.5,True,1,0.903
0.8326854663338481,0.5,True,1,0.903
0.7377931378965099,0.5,True,1,0.9033
0.8325120757931586,0.5,True,1,0.9033
0.833118908414986,0.5,True,1,0.9033
0.7707404302569807,0.5,True,1,0.9033
0.6401836375490243,0.5,True,1,0.9033
0.821019639770071,0.5,True,1,0.904
0.8556143161060614,0.5,True,1,0.904
0.8337855579725142,0.5,True,1,0.904
0.8464583145629391,0.5,True,1,0.904
0.8328784422277246,0.5,True,1,0.904
0.8364031181819841,0.5,True,1,0.9043
0.8361249581208446,0.5,True,1,0.9043
0.8409907777271068,0.5,True,1,0.9043
0.8348485103268567,0.5,True,1,0.9043
0.837857851714255,0.5,True,1,0.905
0.8242346547517857,0.5,True,1,0.905
0.8339440525965233,0.5,True,1,0.905
0.6642132146378585,0.5,True,1,0.905
0.8335819799301966,0.5,True,1,0.905
0.859658122061767,0.5,True,1,0.9053
0.8345662182275042,0.5,True,1,0.9053
0.8348525491436324,0.5,True,1,0.9053
0.8021806247084045,0.5,True,1,0.9053
0.8353643653853696,0.5,True,1,0.9053
0.8356709934757649,0.5,True,1,0.906
0.828795168465468,0.5,True,1,0.906
0.8327116816775916,0.5,True,1,0.906
0.8536657802567981,0.5,True,1,0.906
0.8422356469690537,0.5,True,1,0.906
0.8358116946780589,0.5,True,1,0.9062
0.8486834038682929,0.5,True,1,0.9062
0.8372602993002622,0.5,True,1,0.9062
0.8227928220586862,0.5,True,1,0.9062
0.8366061501118324,0.5,True,1,0.9062
0.8369091081160837,0.5,True,1,0.9067
0.8371843400001813,0.5,True,1,0.9067
0.8381364005925065,0.5,True,1,0.9067
0.838405833004931,0.5,True,1,0.9067
0.8508505111722472,0.5,True,1,0.9067
0.8428356049045708,0.5,True,1,0.907
0.8292231735333645,0.5,True,1,0.907
0.8377181148180068,0.5,True,1,0.907
0.7021709581469184,0.5,True,1,0.907
0.6316710288404276,0.5,True,1,0.907
0.8389340046580205,0.5,True,1,0.9077
0.8684194960719341,0.5,True,1,0.9077
0.8459642569108009,0.5,True,1,0.9077
0.8575654013779439,0.5,True,1,0.9077
0.8388529026647392,0.5,True,1,0.9077
0.7796889626127169,0.5,True,1,0.908
0.8383628251503521,0.5,True,1,0.908
0.8386345149622818,0.5,True,1,0.908
0.8395742205807761,0.5,True,1,0.908
0.8398392836951799,0.5,True,1,0.908
0.8454948287936375,0.5,True,1,0.9087
0.8299323497665703,0.5,True,1,0.9087
0.8437684792849546,0.5,True,1,0.9087
0.8401830107937149,0.5,True,1,0.9087
0.84141191352848,0.5,True,1,0.9087
0.8413507844236655,0.5,True,1,0.909
0.8410514573233201,0.5,True,1,0.909
0.842231753509943,0.5,True,1,0.909
0.8425068844075964,0.5,True,1,0.909
0.8414772093377764,0.5,True,1,0.909
0.8431285330999324,0.5,True,1,0.9097
0.8423335290997639,0.5,True,1,0.9097
0.8428572080072204,0.5,True,1,0.9097
0.8074897946011781,0.5,True,1,0.9097
0.8687666859555336,0.5,True,1,0.9097
0.8433726168082968,0.5,True,1,0.91
0.8432582537055958,0.5,True,1,0.91
0.8435315882334603,0.5,True,1,0.91
0.8446759349926821,0.5,True,1,0.91
0.821672893030403,0.5,True,1,0.91
0.7835849617276468,0.5,True,1,0.91
0.8447085530444245,0.5,True,1,0.9106
0.8443381490530875,0.5,True,1,0.9106
0.8666128335596484,0.5,True,1,0.9106
0.824926825467201,0.5,True,1,0.9106
0.8450066927226481,0.5,True,1,0.9106
0.8450662804898057,0.5,True,1,0.911
0.8456846657631416,0.5,True,1,0.911
0.8459429790487828,0.5,True,1,0.911
0.8462094004887227,0.5,True,1,0.911
0.8458316551981931,0.5,True,1,0.911
0.8604828880841702,0.5,True,1,0.9116
0.860994093242409,0.5,True,1,0.9116
0.8460019287243138,0.5,True,1,0.9116
0.8462541721264731,0.5,True,1,0.9116
0.8465074437245329,0.5,True,1,0.9116
0.8748571700909626,0.5,True,1,0.9116
0.8469215098682196,0.5,True,1,0.912
0.8477234150723931,0.5,True,1,0.912
0.8479047541898439,0.5,True,1,0.912
0.8593214960837023,0.5,True,1,0.912
0.8282483270911295,0.5,True,1,0.912
0.847702059657269,0.5,True,1,0.912
0.8483177376020163,0.5,True,1,0.9126
0.841620800076466,0.5,True,1,0.9126
0.8484380636077744,0.5,True,1,0.9126
0.7385380493652434,0.5,True,1,0.9126
0.8477176611121046,0.5,True,1,0.9126
0.8509177562651183,0.5,True,1,0.913
0.8480293445727812,0.5,True,1,0.913
0.8482781891633371,0.5,True,1,0.913
0.8485151263064729,0.5,True,1,0.913
0.8694727689444577,0.5,True,1,0.913
0.8501255294437379,0.5,True,1,0.913
0.8498312459266844,0.5,True,1,0.9136
0.9117413109286133,0.5,True,1,0.9136
0.8504420578528648,0.5,True,1,0.9136
0.8506868962494856,0.5,True,1,0.9136
0.8964754364898349,0.5,True,0,0.9136
0.8504928284390187,0.5,True,0,0.913
0.8553439565591666,0.5,True,0,0.9126
0.8550881315038643,0.5,True,0,0.9126
0.857448396429726,0.5,True,0,0.912
0.8470331782434448,0.5,True,0,0.9116
0.8469339014938272,0.5,True,0,0.911
0.8457265507892697,0.5,True,0,0.9106
0.8445225301668645,0.5,True,0,0.91
0.8439333546514332,0.5,True,0,0.9097
0.8427073406393839,0.5,True,0,0.909
0.8414892007771289,0.5,True,0,0.9087
0.8597743613206603,0.5,True,0,0.908
0.883062875036311,0.5,True,0,0.9077
0.8403534866612047,0.5,True,0,0.9077
0.8406777860145386,0.5,True,0,0.907
0.8394310552886837,0.5,True,0,0.9067
0.8381203121262929,0.5,True,0,0.9062
0.8368227406394014,0.5,True,0,0.906
0.6266999263536193,0.5,True,0,0.9053
0.8356100209753997,0.5,True,0,0.905
0.8342136366078162,0.5,True,0,0.9043
0.8328257567572328,0.5,True,0,0.904
0.8314701552412302,0.5,True,0,0.9033
0.8301163729830564,0.5,True,0,0.9033
0.8436734619169204,0.5,True,0,0.903
0.8660632627812432,0.5,True,0,0.9023
0.834390100826785,0.5,True,0,0.902
0.8272452016874122,0.5,True,0,0.9014
0.8258903613934343,0.5,True,0,0.901
0.8256103439652845,0.5,True,0,0.9004
0.8319304238163124,0.5,True,0,0.9
0.8389496307805319,0.5,True,0,0.8994
0.8240598504097653,0.5,True,0,0.8994
0.8227563724427591,0.5,True,0,0.899
0.8125023784672246,0.5,True,0,0.8984
0.8216217664699415,0.5,True,0,0.898
0.6233977542594722,0.5,True,0,0.8975
0.8238031174097924,0.5,True,0,0.897
0.8191051613727103,0.5,True,0,0.8965
0.8274049886662602,0.5,True,0,0.896
0.8170502280294516,0.5,True,0,0.8955
0.8157654082208627,0.5,True,0,0.8955
0.8144909053241938,0.5,True,1,0.895
0.8147882631971661,0.5,True,1,0.895
0.686668115079874,0.5,True,1,0.895
0.5813552870974404,0.5,True,1,0.895
0.8157951845110755,0.5,True,1,0.8955
0.8049522519227789,0.5,True,1,0.8955
0.7776812700900527,0.5,True,1,0.8955
0.8308832485128951,0.5,True,1,0.8955
0.8269616625762076,0.5,True,1,0.8955
0.8153722800670016,0.5,True,1,0.896
0.8148023025099512,0.5,True,1,0.896
0.8252609666998034,0.5,True,1,0.896
0.7749498666379401,0.5,True,1,0.896
0.8399370403243719,0.5,True,1,0.896
0.8158398664033357,0.5,True,1,0.8965
0.8103810760043705,0.5,True,1,0.8965
0.8163759283743898,0.5,True,1,0.8965
0.7464325961401459,0.5,True,1,0.8965
0.8655980200447656,0.5,True,1,0.8965
0.8165111719767207,0.5,True,1,0.897
0.8459437703234176,0.5,True,1,0.897
0.835840984679574,0.5,True,1,0.897
0.8173833108996623,0.5,True,1,0.897
0.8168478669860622,0.5,True,1,0.897
0.8180613484914423,0.5,True,1,0.8975
0.8184510281141704,0.5,True,1,0.8975
0.8186536557488049,0.5,True,1,0.8975
0.8189278062530781,0.5,True,1,0.8975
0.8347380735042345,0.5,True,1,0.8975
0.818983853087331,0.5,True,1,0.898
0.8333996094330588,0.5,True,1,0.898
0.8186280570924547,0.5,True,1,0.898
0.819012081521333,0.5,True,1,0.898
0.7731085576041705,0.5,True,1,0.898
0.8199265248505391,0.5,True,1,0.898
0.8192365524719851,0.5,True,1,0.8984
0.8206807754533719,0.5,True,1,0.8984
0.8460481163245249,0.5,True,1,0.8984
0.8210711189293772,0.5,True,1,0.8984
0.8200874294287858,0.5,True,1,0.8984
0.882644884444194,0.5,True,1,0.899
0.820563870671397,0.5,True,1,0.899
0.7867622753733378,0.5,True,1,0.899
0.8200783250180405,0.5,True,1,0.899
0.8206834013395197,0.5,True,1,0.899
0.8220302032998499,0.5,True,1,0.8994
0.8207878907468366,0.5,True,1,0.8994
0.8211193201281346,0.5,True,1,0.8994
0.8214018928695472,0.5,True,1,0.8994
0.8216824484842536,0.5,True,1,0.8994
0.8218597818519907,0.5,True,1,0.9
0.821719426708363,0.5,True,1,0.9
0.8223443056727137,0.5,True,1,0.9
0.8226418094523142,0.5,True,1,0.9
0.8230762389693821,0.5,True,1,0.9
0.8304090010941466,0.5,True,1,0.9
0.8232379508483284,0.5,True,1,0.9004
0.8234278906496773,0.5,True,1,0.9004
0.8239117793117589,0.5,True,1,0.9004
0.8241730389742828,0.5,True,1,0.9004
0.8348147800591076,0.5,True,1,0.9004
0.8093116975254311,0.5,True,1,0.901
0.8244872835660642,0.5,True,1,0.901
0.8247544487726396,0.5,True,1,0.901
0.825026640160432,0.5,True,1,0.901
0.8252839660624145,0.5,True,1,0.901
0.8255419388282123,0.5,True,1,0.9014
0.8257982638212145,0.5,True,1,0.9014
0.8260605535758736,0.5,True,1,0.9014
0.8263114973889663,0.5,True,1,0.9014
0.8265681534817533,0.5,True,1,0.9014
0.8268265222484973,0.5,True,1,0.9014
0.8270867502151379,0.5,True,1,0.902
0.8805024234579141,0.5,True,1,0.902
0.8279631780029647,0.5,True,1,0.902
0.7979553302443243,0.5,True,1,0.902
0.8273465982339354,0.5,True,1,0.902
0.8279171013989046,0.5,True,1,0.9023
0.7787190201070453,0.5,True,1,0.9023
0.8274515277306878,0.5,True,1,0.9023
0.7602500470608756,0.5,True,1,0.9023
0.7762481686536596,0.5,True,1,0.9023
0.7152006533689577,0.5,True,1,0.9023
0.8302878362829866,0.5,True,1,0.903
0.8139869700358677,0.5,True,1,0.903
0.8270019971891479,0.5,True,1,0.903
0.8280161005505209,0.5,True,1,0.903
0.7746780157487614,0.5,True,1,0.903
0.8287474960814857,0.5,True,1,0.903
0.8359573369151184,0.5,True,1,0.9033
0.8278022211431185,0.5,True,1,0.9033
0.8292738045974403,0.5,True,1,0.9033
0.8295269083527647,0.5,True,1,0.9033
0.8297667917148056,0.5,True,1,0.9033
0.8363210912127866,0.5,True,1,0.904
0.7316486273285074,0.5,True,1,0.904
0.8303441629478961,0.5,True,1,0.904
0.9067531416416927,0.5,True,1,0.904
0.8200221729309544,0.5,True,1,0.904
0.800537519089441,0.5,True,1,0.904
0.7962651911837014,0.5,True,1,0.9043
0.8293245563139717,0.5,True,1,0.9043
0.829067354920237,0.5,True,1,0.9043
0.82932304629513,0.5,True,1,0.9043
0.8372856496283378,0.5,True,1,0.9043
0.829515601323357,0.5,True,1,0.9043
0.8666030300620238,0.5,True,1,0.905
0.8312992040824534,0.5,True,1,0.905
0.8396625002594682,0.5,True,1,0.905
0.8061978026399702,0.5,True,1,0.905
0.8310582032884379,0.5,True,1,0.905
0.7880892434303991,0.5,True,1,0.905
0.7745765839447051,0.5,True,1,0.9053
0.8371305995903155,0.5,True,1,0.9053
0.8312941944002277,0.5,True,1,0.9053
0.8070750993867846,0.5,True,1,0.9053
0.8283674884163489,0.5,True,1,0.9053
0.8311990699257464,0.5,True,1,0.9053
0.831326134741079,0.5,True,1,0.906
0.8323935467325158,0.5,True,1,0.906
0.8151383150773447,0.5,True,1,0.906
0.8119857444697131,0.5,True,1,0.906
0.832032987198263,0.5,True,1,0.906
0.8325777857360046,0.5,True,1,0.906
0.8328199990141273,0.5,True,1,0.9062
0.8223799219926349,0.5,True,1,0.9062
0.833339135934294,0.5,True,1,0.9062
0.8335678724836454,0.5,True,1,0.9062
0.8338057567608881,0.5,True,1,0.9062
0.8346319545284545,0.5,True,1,0.9062
0.8347792221379796,0.5,True,0,0.9067
0.8377661465433112,0.5,True,0,0.9062
0.831365938762264,0.5,True,0,0.906
0.8304311141986112,0.5,True,0,0.9053
0.8311784613831713,0.5,True,0,0.905
0.8296771727059363,0.5,True,0,0.905
0.8416662393647517,0.5,True,0,0.9043
0.8612127432455101,0.5,True,0,0.904
0.7916029474595231,0.5,True,0,0.9033
0.8277228702669491,0.5,True,0,0.903
0.8266921229462965,0.5,True,0,0.903
0.7688704964869282,0.5,True,0,0.9023
0.8383096588724948,0.5,True,0,0.902
0.8250638398655568,0.5,True,0,0.9014
0.7668445003047036,0.5,True,0,0.9014
0.8250505162486498,0.5,True,0,0.901
0.8242275871351193,0.5,True,0,0.9004
0.8865347504702641,0.5,True,0,0.9
0.8221383970132109,0.5,True,1,0.8994
0.821693690305067,0.5,True,1,0.9
0.8227345483123789,0.5,True,1,0.9
0.8241252681182301,0.5,True,1,0.9
0.9002044851069172,0.5,True,1,0.9
0.823296778921685,0.5,True,1,0.9
0.8164322169638664,0.5,True,1,0.9
0.8258543659145084,0.5,True,1,0.9004
0.8236264002533459,0.5,True,1,0.9004
0.7978572273281229,0.5,True,1,0.9004
0.8204443410967056,0.5,True,1,0.9004
0.7918029484282618,0.5,True,1,0.9004
0.8242090327259234,0.5,True,1,0.9004
0.811827076531248,0.5,True,1,0.901
0.8221694325370513,0.5,True,1,0.901
0.8246018773241672,0.5,True,1,0.901
0.8252769417329822,0.5,True,1,0.901
0.8253718516650416,0.5,True,1,0.901
0.8242040719040667,0.5,True,1,0.9014
0.8371978184169904,0.5,True,1,0.9014
0.8381146039857131,0.5,True,1,0.9014
0.8291536290978145,0.5,True,1,0.9014
0.825969560455158,0.5,True,1,0.9014
0.7462227685333109,0.5,True,1,0.9014
0.8273051954940357,0.5,True,1,0.902
0.8257502005546853,0.5,True,1,0.902
0.8259845070726719,0.5,True,1,0.902
0.7535463863807697,0.5,True,1,0.902
0.8338689552896871,0.5,True,1,0.902
0.8278887067958355,0.5,True,1,0.902
0.8281186094359666,0.5,True,1,0.9023
0.8518174963157452,0.5,True,1,0.9023
0.8285521460020714,0.5,True,1,0.9023
0.8332157009018972,0.5,True,1,0.9023
0.8276255321482661,0.5,True,1,0.9023
0.8288947299062253,0.5,True,1,0.9023
0.8282448269749688,0.5,True,1,0.903
0.828490035071087,0.5,True,1,0.903
0.8372879945040514,0.5,True,1,0.903
0.8881925792210908,0.5,True,1,0.903
0.8299090921816523,0.5,True,1,0.903
0.8357942091909002,0.5,True,1,0.903
0.8301136884690076,0.5,True,1,0.903
0.8295212775774904,0.5,True,1,0.9033
0.8466229320841645,0.5,True,1,0.9033
0.7669161527919324,0.5,True,1,0.9033
0.7729114618903844,0.5,True,1,0.9033
0.828684188031605,0.5,True,1,0.9033
0.8293602218867608,0.5,True,1,0.9033
0.8295758602563514,0.5,True,1,0.904
0.830513484484702,0.5,True,1,0.904
0.8236340974245414,0.5,True,1,0.904
0.8010827517081782,0.5,True,1,0.904
0.8296895316405032,0.5,True,1,0.904
0.8318992353906676,0.5,True,1,0.904
0.8321140801107573,0.5,True,1,0.9043
0.8323159786718022,0.5,True,1,0.9043
0.832523234709281,0.5,True,1,0.9043
0.8327262812732978,0.5,True,1,0.9043
0.8319431304209454,0.5,True,1,0.9043
0.8321525770595911,0.5,True,1,0.9043
0.8559256272288099,0.5,True,1,0.905
0.8323559330630624,0.5,True,1,0.905
0.8330008641120223,0.5,True,1,0.905
0.8402886157167186,0.5,True,1,0.905
0.8527381387880539,0.5,True,1,0.905
0.8092391103380181,0.5,True,1,0.905
0.832306178573814,0.5,True,1,0.905
0.8730624537158119,0.5,True,1,0.9053
0.832406696131801,0.5,True,1,0.9053
0.8285804897202463,0.5,True,1,0.9053
0.8124166318488709,0.5,True,1,0.9053
0.7801728102997006,0.5,True,1,0.9053
0.809240635122225,0.5,True,1,0.9053
0.8023609407725327,0.5,True,1,0.906
0.8351796325882795,0.5,True,1,0.906
0.8632865953356903,0.5,True,1,0.906
0.8344554855242263,0.5,True,1,0.906
0.8346544576521064,0.5,True,1,0.906
0.8342770728337113,0.5,True,1,0.906
0.8344897527085532,0.5,True,1,0.906
0.8340504519859353,0.5,True,1,0.9062
0.8455164822028359,0.5,True,1,0.9062
0.8341444321731916,0.5,True,1,0.9062
0.8337104424632287,0.5,True,1,0.9062
0.8339195033531476,0.5,True,1,0.9062
0.8441142057367924,0.5,True,1,0.9062
0.8351703471207067,0.5,True,1,0.9067
0.8345862991447084,0.5,True,1,0.9067
0.8361822696034039,0.5,True,1,0.9067
0.8363866563484738,0.5,True,1,0.9067
0.8375760038379962,0.5,True,1,0.9067
0.8530087188936887,0.5,True,1,0.9067
0.8335040004769997,0.5,True,1,0.9067
0.8368466886524741,0.5,True,1,0.907
0.916264916676126,0.5,True,1,0.907
0.8368068020410674,0.5,True,1,0.907
0.8564945480766689,0.5,True,1,0.907
0.8233932666735776,0.5,True,1,0.907
0.836521151912162,0.5,True,1,0.907
0.766643656207731,0.5,True,1,0.907
0.8339541026633724,0.5,True,1,0.9077
0.8360238978918711,0.5,True,1,0.9077
0.8362240870348594,0.5,True,1,0.9077
0.8364461201276568,0.5,True,1,0.9077
0.8372086710671709,0.5,True,1,0.9077
0.8461911530846559,0.5,True,1,0.9077
0.8372092022028633,0.5,True,1,0.908
0.8259166073296629,0.5,True,1,0.908
0.8400717218975754,0.5,True,1,0.908
0.8349584577280126,0.5,True,1,0.908
0.8541402321553617,0.5,True,1,0.908
0.8378736757377482,0.5,True,1,0.908
0.8375275179968742,0.5,True,1,0.908
0.792300905571339,0.5,True,1,0.9087
0.7039443556442876,0.5,True,1,0.9087
0.8397613575838255,0.5,True,1,0.9087
0.8400677390878657,0.5,True,1,0.9087
0.8561641541200441,0.5,True,0,0.9087
0.8393315006500681,0.5,True,0,0.908
0.8389266738194462,0.5,True,0,0.908
0.8870555456696138,0.5,True,0,0.9077
0.8369480193127997,0.5,True,0,0.907
0.8351864832836373,0.5,True,0,0.907
0.8438658590891748,0.5,True,0,0.9067
0.8599483612022207,0.5,True,0,0.9062
0.8353263787549958,0.5,True,0,0.906
0.8658083225601658,0.5,True,0,0.906
0.7558363960498118,0.5,True,0,0.9053
0.8670656368764058,0.5,True,0,0.905
0.8196040666650842,0.5,True,0,0.905
0.9020615892396046,0.5,True,0,0.9043
0.7934751914799272,0.5,True,0,0.904
0.833891830307046,0.5,True,0,0.9033
0.8329199082471618,0.5,True,0,0.9033
0.831892088193103,0.5,True,0,0.903
0.8565282072321801,0.5,True,0,0.9023
0.8364853414737572,0.5,True,0,0.9023
0.7909698742879879,0.5,True,0,0.902
0.8273480330587166,0.5,True,0,0.9014
0.8299874842475353,0.5,True,0,0.901
0.8282159846007565,0.5,True,0,0.901
0.8541010483330884,0.5,True,0,0.9004
0.6662482233949385,0.5,True,0,0.9
0.7991653292295811,0.5,True,0,0.9
0.8258786595473311,0.5,True,0,0.8994
0.824767210699977,0.5,True,0,0.899
0.8027694734497298,0.5,True,0,0.899
0.823346108961416,0.5,True,0,0.8984
0.8143343906147447,0.5,True,0,0.898
0.8217253176986627,0.5,True,0,0.8975
0.820680232838023,0.5,True,0,0.8975
0.8296332347186879,0.5,True,0,0.897
0.8200464509757888,0.5,True,0,0.8965
0.7349025803703814,0.5,True,0,0.8965
0.8185927391905877,0.5,True,1,0.896
0.832244948390096,0.5,True,1,0.896
0.8205512595050504,0.5,True,1,0.896
0.7281607598581777,0.5,True,1,0.896
0.8319600716642632,0.5,True,1,0.8965
0.8084104651370576,0.5,True,1,0.8965
0.7796515835458863,0.5,True,1,0.8965
0.8212380040321292,0.5,True,1,0.8965
0.8188285081506006,0.5,True,1,0.8965
0.8398493850031337,0.5,True,1,0.8965
0.8205733922232645,0.5,True,1,0.897
0.8207999185730981,0.5,True,1,0.897
0.8502823526401727,0.5,True,1,0.897
0.8185304889554507,0.5,True,1,0.897
0.8215904876963115,0.5,True,1,0.897
0.7516996457313683,0.5,True,1,0.897
0.8239722390133377,0.5,True,1,0.8975
0.87088771053187,0.5,True,1,0.8975
0.777328531819678,0.5,True,1,0.8975
0.8409115460048324,0.5,True,1,0.8975
0.8234814356164248,0.5,True,1,0.8975
0.8126335874734469,0.5,True,1,0.8975
0.8206098692982697,0.5,True,1,0.8975
0.820884988432106,0.5,True,1,0.898
0.8194572340497622,0.5,True,1,0.898
0.8213503433768584,0.5,True,1,0.898
0.8215835351739321,0.5,True,1,0.898
0.8225055448147178,0.5,True,1,0.898
0.8241796167712203,0.5,True,1,0.898
0.8448641369475338,0.5,True,1,0.8984
0.898282986819532,0.5,True,1,0.8984
0.8238510124941254,0.5,True,1,0.8984
0.8224598076651286,0.5,True,1,0.8984
0.8262137932685292,0.5,True,1,0.8984
0.8350173166537531,0.5,True,1,0.8984
0.7947865346098568,0.5,True,1,0.8984
0.8240018946467482,0.5,True,1,0.899
0.823438603438974,0.5,True,1,0.899
0.7337835917106023,0.5,True,1,0.899
0.7907024723477375,0.5,True,1,0.899
0.8238657884112005,0.5,True,1,0.899
0.8270634555895436,0.5,True,1,0.899
0.8238978914958811,0.5,True,1,0.8994
0.8241126705638897,0.5,True,1,0.8994
0.8243207827831985,0.5,True,1,0.8994
0.8267126518675789,0.5,True,1,0.8994
0.8268992088344135,0.5,True,1,0.8994
0.8250237704836838,0.5,True,1,0.8994
0.8104683529883471,0.5,True,1,0.8994
0.7664347210337523,0.5,True,1,0.9
0.8245402942801275,0.5,True,1,0.9
0.8198902210184839,0.5,True,1,0.9
0.6131389607892274,0.5,True,1,0.9
0.826121996032431,0.5,True,1,0.9
0.8264047606921376,0.5,True,1,0.9
0.8240931421942351,0.5,True,1,0.9
0.8245710847123104,0.5,True,1,0.9004
0.7764748721746381,0.5,True,1,0.9004
0.8537911821360511,0.5,True,1,0.9004
0.8261660068224389,0.5,True,1,0.9004
0.8654987309546038,0.5,True,1,0.9004
0.7433419394044374,0.5,True,1,0.9004
0.8609154898595401,0.5,True,1,0.901
0.7879097511169807,0.5,True,1,0.901
0.7727092756947803,0.5,True,1,0.901
0.8271501113895554,0.5,True,1,0.901
0.8235197358750238,0.5,True,1,0.901
0.8272419635229318,0.5,True,1,0.901
0.7999435356093121,0.5,True,1,0.901
0.8656286990481326,0.5,True,1,0.9014
0.8254671613008447,0.5,True,1,0.9014
0.8262519251118036,0.5,True,1,0.9014
0.8281397551992674,0.5,True,1,0.9014
0.8223603841280537,0.5,True,1,0.9014
0.8274795238376992,0.5,True,1,0.9014
0.8276825279443708,0.5,True,1,0.9014
0.8172415373684704,0.5,True,1,0.902
0.8275638849699753,0.5,True,1,0.902
0.8542748921990324,0.5,True,1,0.902
0.8561546905336931,0.5,True,1,0.902
0.8458974713150013,0.5,True,1,0.902
0.7628577770632139,0.5,True,1,0.902
0.8284084474581879,0.5,True,1,0.902
0.8286114485163203,0.5,True,1,0.9023
0.8288031933048253,0.5,True,1,0.9023
0.82900178539416,0.5,True,1,0.9023
0.8292108316978628,0.5,True,1,0.9023
0.8306031198151591,0.5,True,1,0.9023
0.8772148902113966,0.5,True,1,0.9023
0.8346465424774754,0.5,True,1,0.9023
0.8284750537832386,0.5,True,1,0.903
0.8298961499027959,0.5,True,1,0.903
0.8300978252742023,0.5,True,1,0.903
0.8302940052619048,0.5,True,1,0.903
0.8304862482994942,0.5,True,1,0.903
0.830685110430675,0.5,True,1,0.903
0.7869330248510233,0.5,True,1,0.903
0.8301684240194355,0.5,True,1,0.9033
0.8303674853040343,0.5,True,1,0.9033
0.7055270606598587,0.5,True,0,0.9033
0.8468296706919886,0.5,True,0,0.903
0.8039506173051896,0.5,True,0,0.903
0.8305605991638457,0.5,True,0,0.9023
0.6469391356549016,0.5,True,0,0.902
0.7677973077649651,0.5,True,0,0.902
0.8316607342440742,0.5,True,0,0.9014
0.9178168679674891,0.5,True,0,0.901
0.829589243653778,0.5,True,0,0.901
0.8331075041659586,0.5,True,0,0.9004
0.7927556591774267,0.5,True,0,0.9
0.8274492777577013,0.5,True,0,0.9
0.8264916498018069,0.5,True,0,0.8994
0.8251301806307129,0.5,True,0,0.899
0.8243118019064499,0.5,True,0,0.899
0.8234960164489569,0.5,True,0,0.8984
0.819852021744346,0.5,True,0,0.898
0.8222278231768684,0.5,True,0,0.898
0.8212611136858513,0.5,True,0,0.8975
0.8963409898292901,0.5,True,0,0.8975
0.8214540523169653,0.5,True,0,0.897
0.8205120982438693,0.5,True,0,0.8965
0.820283575276145,0.5,True,0,0.8965
0.8203364177307322,0.5,True,0,0.896
0.8196267774961208,0.5,True,0,0.8955
0.7574197186260634,0.5,True,0,0.8955
0.8182727847201383,0.5,True,0,0.895
0.848934577975788,0.5,True,0,0.8945
0.7827696531524865,0.5,True,0,0.8945
0.8157358753288374,0.5,True,0,0.894
0.8153252934178538,0.5,True,0,0.8936
0.8149579514238497,0.5,True,0,0.8936
0.8140152598038874,0.5,True,0,0.893
0.816637884928591,0.5,True,0,0.893
0.8111664875433491,0.5,True,0,0.8926
0.810311565618768,0.5,True,0,0.892
0.8094560270839495,0.5,True,0,0.892
0.8088806471294953,0.5,True,0,0.8916
0.8087877829902677,0.5,True,0,0.891
0.8091930961963103,0.5,True,0,0.891
0.8465010097801965,0.5,True,0,0.8906
0.726919165652317,0.5,True,0,0.89
0.8069723351997008,0.5,True,0,0.89
0.7580299035615453,0.5,True,0,0.8896
0.8236918857818543,0.5,True,0,0.8896
0.8049434137890641,0.5,True,0,0.889
0.8040124854890096,0.5,True,0,0.8887
0.7634690913467626,0.5,True,0,0.8887
0.7486412718773746,0.5,True,0,0.888
0.8031704422068701,0.5,True,0,0.8877
0.8278443976256877,0.5,True,1,0.8877
0.7710371221585052,0.5,True,1,0.8877
0.8024506328330235,0.5,True,1,0.8877
0.812408584653446,0.5,True,1,0.8877
0.8035438149424371,0.5,True,1,0.8877
0.8037750040295941,0.5,True,1,0.888
0.8098260463225309,0.5,True,1,0.888
0.8036039846907533,0.5,True,1,0.888
0.8038367606340647,0.5,True,1,0.888
0.804416137467984,0.5,True,1,0.888
0.8039817054615432,0.5,True,1,0.888
0.7316621746919892,0.5,True,1,0.8887
0.8049441669558137,0.5,True,1,0.8887
0.805160678528277,0.5,True,1,0.8887
0.80434406145668,0.5,True,1,0.8887
0.8846643391811136,0.5,True,1,0.8887
0.7369063335047716,0.5,True,1,0.8887
0.7766218631466387,0.5,True,1,0.8887
0.8052582401366207,0.5,True,1,0.889
0.7323459295380287,0.5,True,1,0.889
0.8472849797817571,0.5,True,1,0.889
0.8053757116970003,0.5,True,1,0.889
0.8058490863388813,0.5,True,1,0.889
0.8052203622189873,0.5,True,1,0.889
0.8054269171670447,0.5,True,1,0.8896
0.9146210792234315,0.5,True,1,0.8896
0.8635043101228127,0.5,True,1,0.8896
0.8062404921157431,0.5,True,1,0.8896
0.806450592680149,0.5,True,1,0.8896
0.8138972343724925,0.5,True,1,0.8896
0.8071656011357806,0.5,True,1,0.8896
0.7335550185724619,0.5,True,1,0.89
0.8071138888377504,0.5,True,1,0.89
0.8074976731128262,0.5,True,1,0.89
0.8077219022852201,0.5,True,1,0.89
0.7932371374077735,0.5,True,1,0.89
0.8080129261717562,0.5,True,1,0.89
0.8153182616113213,0.5,True,1,0.8906
0.8416008601269638,0.5,True,1,0.8906
0.8081139062310798,0.5,True,1,0.8906
0.8083254097252706,0.5,True,1,0.8906
0.8085463797556354,0.5,True,1,0.8906
0.8087641011686642,0.5,True,1,0.8906
0.8374373012663239,0.5,True,1,0.8906
0.8087204625431004,0.5,True,1,0.891
0.8535721268046743,0.5,True,1,0.891
0.7395879427873517,0.5,True,1,0.891
0.8087469712336341,0.5,True,1,0.891
0.8587784079747528,0.5,True,1,0.891
0.7138591163218486,0.5,True,1,0.891
0.8127249357709037,0.5,True,1,0.891
0.8211080273752304,0.5,True,1,0.8916
0.8091392034114899,0.5,True,1,0.8916
0.6648275714642374,0.5,True,1,0.8916
0.809584040605833,0.5,True,1,0.8916
0.8097578002965519,0.5,True,1,0.8916
0.8099008283753601,0.5,True,1,0.8916
0.8207093202160193,0.5,True,1,0.892
0.7755445328130818,0.5,True,1,0.892
0.8577992202915128,0.5,True,1,0.892
0.8096362087451061,0.5,True,1,0.892
0.8098461546606088,0.5,True,1,0.892
0.8187082548678062,0.5,True,1,0.892
0.7683646759225689,0.5,True,1,0.892
0.8106018675514466,0.5,True,1,0.8926
0.8108103858254481,0.5,True,1,0.8926
0.8112487905625474,0.5,True,1,0.8926
0.8116103067901126,0.5,True,1,0.8926
0.8118101902465132,0.5,True,1,0.8926
0.8118106539598617,0.5,True,1,0.8926
0.8120163350049013,0.5,True,1,0.8926
0.8303192243576515,0.5,True,1,0.893
0.8125423080746839,0.5,True,1,0.893
0.7281052200078676,0.5,True,1,0.893
0.8118167850387021,0.5,True,1,0.893
0.8896563658749888,0.5,True,1,0.893
0.8127060643896052,0.5,True,1,0.893
0.8144603072672293,0.5,True,1,0.893
0.8112979505914538,0.5,True,1,0.8936
0.8128645322616901,0.5,True,1,0.8936
0.8144390100553208,0.5,True,1,0.8936
0.8142295371162499,0.5,True,1,0.8936
0.8144114712047065,0.5,True,1,0.8936
0.813379343462599,0.5,True,1,0.8936
0.8184767469307748,0.5,True,1,0.8936
0.8504811560562645,0.5,True,1,0.894
0.7947379301208259,0.5,True,1,0.894
0.8139365660895194,0.5,True,1,0.894
0.7563599480205341,0.5,True,1,0.894
0.814157808939231,0.5,True,1,0.894
0.8145130173705117,0.5,True,1,0.894
0.8138474700998188,0.5,True,1,0.894
0.8184757791345486,0.5,True,1,0.8945
0.8147682960324978,0.5,True,1,0.8945
0.8164707454906164,0.5,True,1,0.8945
0.8449248658828924,0.5,True,1,0.8945
0.8151216273293262,0.5,True,1,0.8945
0.815737787366556,0.5,True,1,0.8945
0.8156688297247818,0.5,True,1,0.8945
0.8157825865243149,0.5,True,1,0.895
0.8158512496511693,0.5,True,1,0.895
0.8193864949451077,0.5,True,1,0.895
0.8163809930846816,0.5,True,1,0.895
0.8163595452347292,0.5,True,1,0.895
0.8177090604397527,0.5,True,1,0.895
0.8174296829355119,0.5,True,1,0.895
0.8259235154739563,0.5,True,1,0.8955
0.8100912432423084,0.5,True,1,0.8955
0.8354160474962533,0.5,True,1,0.8955
0.8168023166622316,0.5,True,1,0.8955
0.8407790270212101,0.5,True,1,0.8955
0.8167456463492911,0.5,True,1,0.8955
0.8169504996975031,0.5,True,1,0.8955
0.7337556956941673,0.5,True,1,0.896
0.7752089403067308,0.5,True,1,0.896
0.8173267176446086,0.5,True,1,0.896
0.8175086744750268,0.5,True,1,0.896
0.8593003856747179,0.5,True,1,0.896
0.8180036451256794,0.5,True,1,0.896
0.8167098768400802,0.5,True,1,0.896
0.818098607704763,0.5,True,1,0.896
0.8185266815255134,0.5,True,1,0.8965
0.8184205696096469,0.5,True,1,0.8965
0.8235687259713632,0.5,True,1,0.8965
0.8333726161682324,0.5,True,1,0.8965
0.7944606826336502,0.5,True,1,0.8965
0.8210590478473961,0.5,True,1,0.8965
0.8204591282888359,0.5,True,1,0.8965
0.8189188890806646,0.5,True,1,0.897
0.7285613311645287,0.5,True,1,0.897
0.8450658299517045,0.5,True,1,0.897
0.8312116968300373,0.5,True,1,0.897
0.7911414559234491,0.5,True,1,0.897
0.8199554597468565,0.5,True,1,0.897
0.8275271338073162,0.5,True,1,0.897
0.8199409068859929,0.5,True,1,0.897
0.8201453632231054,0.5,True,1,0.8975
0.8566630699416858,0.5,True,1,0.8975
0.868031280877796,0.5,True,1,0.8975
0.907682997838864,0.5,True,1,0.8975
0.6676931598261429,0.5,True,1,0.8975
0.8205594136597338,0.5,True,1,0.8975
0.8907491795835413,0.5,True,1,0.8975
0.8211065106001402,0.5,True,1,0.898
0.8282450080960844,0.5,True,1,0.898
0.8213572712787216,0.5,True,1,0.898
0.8825230286028143,0.5,True,1,0.898
0.775284487822451,0.5,True,1,0.898
0.820272106531397,0.5,True,1,0.898
0.8198748390771131,0.5,True,1,0.898
0.8261629726532256,0.5,True,1,0.898
0.8787218497623651,0.5,True,1,0.8984
0.8208485016068316,0.5,True,1,0.8984
0.8791511066246245,0.5,True,0,0.8984
0.861985493308831,0.5,True,0,0.898
0.8233598848911683,0.5,True,0,0.898
0.8195615722748736,0.5,True,0,0.8975
0.8190539545042845,0.5,True,0,0.8975
0.8178398826916748,0.5,True,0,0.897
0.8230536338888826,0.5,True,0,0.8965
0.8905909867567892,0.5,True,0,0.8965
0.8165809359576794,0.5,True,0,0.896
0.8184566892309157,0.5,True,0,0.896
0.8153762643091542,0.5,True,0,0.8955
0.8279651888178098,0.5,True,1,0.8955
0.8861183798463271,0.5,True,1,0.8955
0.7970633184367442,0.5,True,1,0.8955
0.8466965121187265,0.5,True,1,0.8955
0.7559297631691002,0.5,True,1,0.8955
0.816183850430502,0.5,True,1,0.8955
0.8417355117227138,0.5,True,1,0.8955
0.8035341543849618,0.5,True,1,0.8955
0.6932776307622535,0.5,True,1,0.896
0.8150472539613737,0.5,True,1,0.896
0.8151290293414584,0.5,True,1,0.896
0.8237787129541464,0.5,True,1,0.896
0.8154736099824055,0.5,True,1,0.896
0.8158125605483856,0.5,True,1,0.896
0.8161605757335177,0.5,True,1,0.896
0.7845077958064074,0.5,True,1,0.8965
0.8162082431574215,0.5,True,1,0.8965
0.8497899949987219,0.5,True,1,0.8965
0.8163221898949035,0.5,True,1,0.8965
0.8165058143145055,0.5,True,1,0.8965
0.8166739703353517,0.5,True,1,0.8965
0.8168449374558595,0.5,True,1,0.8965
0.8173693549383461,0.5,True,1,0.8965
0.8580301753081503,0.5,True,1,0.897
0.8820520334958852,0.5,True,1,0.897
0.859959764115707,0.5,True,1,0.897
0.811116718009845,0.5,True,1,0.897
0.8171735613983746,0.5,True,1,0.897
0.8152400602606036,0.5,True,1,0.897
0.8915813055952316,0.5,True,1,0.897
0.8465312745321827,0.5,True,1,0.897
0.8168328470084226,0.5,True,1,0.8975
0.8189280041412474,0.5,True,1,0.8975
0.8177238921999438,0.5,True,1,0.8975
0.7833335857763701,0.5,True,1,0.8975
0.8638205856166566,0.5,True,1,0.8975
0.8570749999357442,0.5,True,1,0.8975
0.8176307482880937,0.5,True,1,0.8975
0.8178049962417965,0.5,True,1,0.898
0.8179824369736208,0.5,True,1,0.898
0.8181451302779167,0.5,True,1,0.898
0.8186458172144799,0.5,True,1,0.898
0.7890736387470634,0.5,True,1,0.898
0.8185236255087145,0.5,True,1,0.898
0.8186023594517295,0.5,True,1,0.898
0.8188376185293873,0.5,True,1,0.898
0.8189885392100213,0.5,True,1,0.8984
0.8189230708017919,0.5,True,1,0.8984
0.8730345762433791,0.5,True,1,0.8984
0.8394897489983812,0.5,True,1,0.8984
0.9082819519667463,0.5,True,1,0.8984
0.8559104871391735,0.5,True,1,0.8984
0.8788095024190637,0.5,True,1,0.8984
0.7903889335375821,0.5,True,1,0.8984
0.8190348635358343,0.5,True,1,0.899
0.8203101153281318,0.5,True,1,0.899
0.8178573149858428,0.5,True,1,0.899
0.8979908044388252,0.5,True,1,0.899
0.8199542873787172,0.5,True,1,0.899
0.7694773834945651,0.5,True,1,0.899
0.8198490537271615,0.5,True,1,0.899
0.8200206497747944,0.5,True,1,0.899
0.8202450820017384,0.5,True,1,0.8994
0.8207826493042667,0.5,True,1,0.8994
0.8604719807450627,0.5,True,1,0.8994
0.754002305098062,0.5,True,1,0.8994
0.6957834277258647,0.5,True,1,0.8994
0.8202961907361005,0.5,True,1,0.8994
0.8207747313156574,0.5,True,1,0.8994
0.8209390441141363,0.5,True,1,0.8994
0.8767903800155186,0.5,True,1,0.9
0.7826084510307609,0.5,True,1,0.9
0.8210177837561007,0.5,True,1,0.9
0.8220251310073559,0.5,True,1,0.9
0.7347358476680185,0.5,True,1,0.9
0.8225570383641497,0.5,True,1,0.9
0.8251697275699124,0.5,True,1,0.9
0.8731811688878902,0.5,True,1,0.9
0.8216223497891517,0.5,True,1,0.9004
0.6610697178998318,0.5,True,1,0.9004
0.823231193549653,0.5,True,1,0.9004
0.8676558212304444,0.5,True,1,0.9004
0.7706082444124795,0.5,True,1,0.9004
0.6662604447009776,0.5,True,1,0.9004
0.8777176020154217,0.5,True,1,0.9004
0.7712834181019934,0.5,True,1,0.9004
0.8409404243103732,0.5,True,1,0.9004
0.7892970705591952,0.5,True,1,0.901
0.822538981047075,0.5,True,1,0.901
0.8227033033915843,0.5,True,1,0.901
0.778446619167355,0.5,True,1,0.901
0.8228389922761209,0.5,True,1,0.901
0.5999957259060917,0.5,True,1,0.901
0.8230309835449611,0.5,True,1,0.901
0.8231890540249642,0.5,True,1,0.901
0.8233468672158613,0.5,True,1,0.9014
0.8235183954639016,0.5,True,1,0.9014
0.8496290691816367,0.5,True,1,0.9014
0.8236854869195781,0.5,True,1,0.9014
0.8238415189438693,0.5,True,1,0.9014
0.7928857901531764,0.5,True,1,0.9014
0.8896309453938037,0.5,True,1,0.9014
0.8240494875523319,0.5,True,1,0.9014
0.8242090960828913,0.5,True,1,0.902
0.7211453193231719,0.5,True,1,0.902
0.7607197617401503,0.5,True,1,0.902
0.7862076529294276,0.5,True,1,0.902
0.8499298189878095,0.5,True,1,0.902
0.9001891588964572,0.5,True,1,0.902
0.8242926086288112,0.5,True,1,0.902
0.7844710962292556,0.5,True,1,0.902
0.8245360493278535,0.5,True,1,0.902
0.8298841408191365,0.5,True,1,0.9023
0.8247204681473842,0.5,True,1,0.9023
0.8793002770744384,0.5,True,1,0.9023
0.8250347745094188,0.5,True,1,0.9023
0.825189147384846,0.5,True,1,0.9023
0.9145444640011587,0.5,True,1,0.9023
0.9001979358044265,0.5,True,1,0.9023
0.8253255128932021,0.5,True,1,0.9023
0.8032205449317422,0.5,True,1,0.903
0.8255274719216624,0.5,True,1,0.903
0.8166528690426106,0.5,True,1,0.903
0.9106039967966726,0.5,True,1,0.903
0.8269564436195161,0.5,True,1,0.903
0.8275853440370392,0.5,True,1,0.903
0.8277415867421967,0.5,True,1,0.903
0.8263000849220397,0.5,True,1,0.903
0.8275499445433411,0.5,True,1,0.903
0.8276674540546651,0.5,True,1,0.9033
0.8278331627681602,0.5,True,1,0.9033
0.8727552258913066,0.5,True,1,0.9033
0.8284786786975382,0.5,True,1,0.9033
0.8659459365395354,0.5,True,1,0.9033
0.9139025370965023,0.5,True,1,0.9033
0.8132020056706355,0.5,True,1,0.9033
0.828163172454695,0.5,True,1,0.9033
0.8290228115519089,0.5,True,1,0.9033
0.8291837033892231,0.5,True,1,0.904
0.828559983573311,0.5,True,1,0.904
0.8290774068115304,0.5,True,1,0.904
0.8098374311600194,0.5,True,1,0.904
0.8681623033639275,0.5,True,1,0.904
0.8620575523108854,0.5,True,1,0.904
0.8296993449106295,0.5,True,1,0.904
0.829479815691417,0.5,True,1,0.904
0.9380367023385143,0.5,True,1,0.904
0.829638768269592,0.5,True,1,0.9043
0.8304603306018739,0.5,True,1,0.9043
0.8981754433302636,0.5,True,1,0.9043
0.8310833664826573,0.5,True,1,0.9043
0.6227756965005802,0.5,True,1,0.9043
0.7918457564592557,0.5,True,1,0.9043
0.7512668221128365,0.5,True,1,0.9043
0.8296945366274587,0.5,True,1,0.9043
0.8298669300327307,0.5,True,1,0.9043
0.9061003629493477,0.5,True,1,0.905
0.8508640243554406,0.5,True,1,0.905
0.8049623508550436,0.5,True,1,0.905
0.8615213391679974,0.5,True,1,0.905
0.7607668857380391,0.5,True,1,0.905
0.8413529440546361,0.5,True,1,0.905
0.829933478075825,0.5,True,1,0.905
0.8345062222261974,0.5,True,1,0.905
0.84520788851809,0.5,True,1,0.905
0.829940717990365,0.5,True,1,0.9053
0.8297887633483528,0.5,True,1,0.9053
0.905836083980568,0.5,True,1,0.9053
0.8301871495112301,0.5,True,1,0.9053
0.8307660426469198,0.5,True,1,0.9053
0.8306057940947577,0.5,True,1,0.9053
0.8428364941168,0.5,True,1,0.9053
0.8572171635929753,0.5,True,1,0.9053
0.8654759010721763,0.5,True,1,0.9053
0.817597509729995,0.5,True,1,0.906
0.830513003672275,0.5,True,1,0.906
0.781305957002385,0.5,True,1,0.906
0.8307983748093719,0.5,True,1,0.906
0.8310114760653491,0.5,True,1,0.906
0.8131800978042311,0.5,True,1,0.906
0.8813406053531807,0.5,True,1,0.906
0.831502677473895,0.5,True,1,0.906
0.831639869754842,0.5,True,1,0.906
0.8311898647535396,0.5,True,1,0.9062
0.8100741152149197,0.5,True,1,0.9062
0.8315396185924826,0.5,True,1,0.9062
0.9355757410027097,0.5,True,1,0.9062
0.8220859194528645,0.5,True,1,0.9062
0.831622402459334,0.5,True,1,0.9062
0.8322776583380247,0.5,True,1,0.9062
0.8321323625290493,0.5,True,1,0.9062
0.8322773347834489,0.5,True,1,0.9062
0.8324324536373074,0.5,True,1,0.9067
0.8732404999956555,0.5,True,1,0.9067
0.90000406753512,0.5,True,1,0.9067
0.8328406819823834,0.5,True,1,0.9067
0.832964487226496,0.5,True,1,0.9067
0.8330144854851664,0.5,True,1,0.9067
0.8332408521985947,0.5,True,1,0.9067
0.833200629086352,0.5,True,1,0.9067
0.8333327189684512,0.5,True,1,0.9067
0.799546160473536,0.5,True,1,0.9067
0.8089029292212186,0.5,True,1,0.907
0.9319999072678599,0.5,True,1,0.907
0.8338046233423079,0.5,True,1,0.907
0.7497150729193689,0.5,True,1,0.907
0.8332324789584774,0.5,True,1,0.907
0.8196366675071348,0.5,True,1,0.907
0.8697828400045814,0.5,True,1,0.907
0.8335800795630424,0.5,True,1,0.907
0.7879305557435995,0.5,True,1,0.907
0.8298898026968904,0.5,True,1,0.9077
0.9440560902524497,0.5,True,1,0.9077
0.863449829753743,0.5,True,1,0.9077
0.8338190737726229,0.5,True,1,0.9077
0.8339977814323725,0.5,True,1,0.9077
0.8343454445479643,0.5,True,1,0.9077
0.8344786172782893,0.5,True,1,0.9077
0.8345992023127208,0.5,True,1,0.9077
0.8035384991415024,0.5,True,1,0.9077
0.8347954721579471,0.5,True,1,0.9077
0.865763812368762,0.5,True,1,0.908
0.8349303399218443,0.5,True,1,0.908
0.8350656581199342,0.5,True,1,0.908
0.8821605547797189,0.5,True,1,0.908
0.8352196266620223,0.5,True,1,0.908
0.8048291041995573,0.5,True,1,0.908
0.884367784081336,0.5,True,1,0.908
0.9575548282383507,0.5,True,1,0.908
0.8422424384415464,0.5,True,1,0.908
0.8353660689663938,0.5,True,1,0.908
0.8354983615587462,0.5,True,1,0.9087
0.787012780804011,0.5,True,1,0.9087
0.8356220244800009,0.5,True,1,0.9087
0.8357498659571405,0.5,True,1,0.9087
0.6701837110856607,0.5,True,1,0.9087
0.799187905349631,0.5,True,1,0.9087
0.9169973673756525,0.5,True,1,0.9087
0.8358980797091113,0.5,True,1,0.9087
0.836034676973644,0.5,True,1,0.9087
0.8361542672315698,0.5,True,1,0.909
0.8362847326205893,0.5,True,1,0.909
0.8364073140284185,0.5,True,1,0.909
0.8929267017780165,0.5,True,1,0.909
0.8662179133632363,0.5,True,1,0.909
0.7506400527556862,0.5,True,1,0.909
0.8366592816742467,0.5,True,1,0.909
0.8631070338921915,0.5,True,1,0.909
0.8367805004854947,0.5,True,1,0.909
0.947582964981633,0.5,True,1,0.909
0.8369578868261133,0.5,True,1,0.9097
0.8370742200149404,0.5,True,1,0.9097
0.8483630814996594,0.5,True,1,0.9097
0.8370224875299878,0.5,True,1,0.9097
0.8375587575923834,0.5,True,1,0.9097
0.8372913021446939,0.5,True,1,0.9097
0.852053449339566,0.5,True,1,0.9097
0.8119350235610121,0.5,True,1,0.9097
0.8320698619597202,0.5,True,1,0.9097
0.8375287961662412,0.5,True,1,0.9097
0.837426637581098,0.5,True,1,0.91
0.7820610793800433,0.5,True,1,0.91
0.8601319857193966,0.5,True,1,0.91
0.8391316646929567,0.5,True,1,0.91
0.9510607584162901,0.5,True,0,0.91
0.8526989892112187,0.5,True,0,0.9097
0.8698064084979854,0.5,True,0,0.9097
0.7663758471163853,0.5,True,0,0.909
0.8274060117768003,0.5,True,0,0.909
0.7538182828628547,0.5,True,0,0.9087
0.837049837217944,0.5,True,0,0.9087
0.8365384870009305,0.5,True,0,0.908
0.8335485281605803,0.5,True,0,0.908
0.8352575242112593,0.5,True,0,0.9077
0.8345230841026156,0.5,True,0,0.9077
0.8271321504271264,0.5,True,0,0.907
0.8335155076635787,0.5,True,0,0.907
0.8321981915279745,0.5,True,0,0.9067
0.8386224555863029,0.5,True,0,0.9067
0.831561751013801,0.5,True,0,0.9062
0.8310271181988321,0.5,True,0,0.9062
0.8062286850025275,0.5,True,0,0.906
0.8300600432161032,0.5,True,0,0.906
0.9006369752931932,0.5,True,0,0.9053
0.8612811269608399,0.5,True,0,0.9053
0.8299094775082763,0.5,True,0,0.905
0.8723082244280832,0.5,True,0,0.905
0.8194517389781532,0.5,True,0,0.9043
0.863800352391863,0.5,True,0,0.9043
0.811803266246242,0.5,True,0,0.904
0.8019023804313662,0.5,True,0,0.904
0.8297742005550195,0.5,True,0,0.904
0.8438590200945036,0.5,True,0,0.9033
0.7922980026139615,0.5,True,0,0.9033
0.7755682140873933,0.5,True,0,0.903
0.8280691229283864,0.5,True,0,0.903
0.8275372467224936,0.5,True,0,0.9023
0.8266776748301095,0.5,True,0,0.9023
0.8118422644697812,0.5,True,0,0.902
0.8319618468910941,0.5,True,0,0.902
0.8259550611301498,0.5,True,0,0.9014
0.832999407481635,0.5,True,0,0.9014
0.8249749541284498,0.5,True,0,0.901
0.8326575743165222,0.5,True,1,0.901
0.8247333726329709,0.5,True,1,0.901
0.7767155152082361,0.5,True,1,0.901
0.8220858439559663,0.5,True,1,0.901
0.8243478324380377,0.5,True,1,0.901
0.8245021504128774,0.5,True,1,0.901
0.8266069922412338,0.5,True,1,0.901
0.824687930466427,0.5,True,1,0.901
0.7893820284468255,0.5,True,1,0.901
0.8249102949215131,0.5,True,1,0.9014
0.8249800226634161,0.5,True,1,0.9014
0.857117570196168,0.5,True,1,0.9014
0.8251596715463895,0.5,True,1,0.9014
0.8253128412329154,0.5,True,1,0.9014
0.8254467824263355,0.5,True,1,0.9014
0.8255910369144076,0.5,True,1,0.9014
0.8257381115294822,0.5,True,1,0.9014
0.7295939925599413,0.5,True,1,0.9014
0.8259317361022257,0.5,True,1,0.902
0.8260331739556436,0.5,True,1,0.902
0.8261912354654537,0.5,True,1,0.902
0.8263476670363107,0.5,True,1,0.902
0.768881316404853,0.5,True,1,0.902
0.8264268474467361,0.5,True,1,0.902
0.8812745972376378,0.5,True,1,0.902
0.8909968107930404,0.5,True,1,0.902
0.8277310041776774,0.5,True,1,0.902
0.8270092636217992,0.5,True,1,0.902
0.8270373576429175,0.5,True,1,0.9023
0.8369808658212362,0.5,True,1,0.9023
0.8269449567540803,0.5,True,1,0.9023
0.8271098669947993,0.5,True,1,0.9023
0.8169864439240869,0.5,True,1,0.9023
0.8279205636691326,0.5,True,1,0.9023
0.8278966234779768,0.5,True,1,0.9023
0.8281228802770995,0.5,True,1,0.9023
0.8278789179614728,0.5,True,1,0.9023
0.8285847500627814,0.5,True,1,0.903
0.8287277730907439,0.5,True,1,0.903
0.8237529197619398,0.5,True,1,0.903
0.8285001699575688,0.5,True,1,0.903
0.8298918942404754,0.5,True,1,0.903
0.7680750350959807,0.5,True,1,0.903
0.8288165076755242,0.5,True,1,0.903
0.8247684017696256,0.5,True,1,0.903
0.8172733644872655,0.5,True,1,0.903
0.8290325288143011,0.5,True,1,0.903
0.8322599858833238,0.5,True,1,0.9033
0.8291200021700629,0.5,True,1,0.9033
0.8292786788717366,0.5,True,1,0.9033
0.8294121970099146,0.5,True,1,0.9033
0.8729191087530204,0.5,True,1,0.9033
0.8311385284769137,0.5,True,1,0.9033
0.8298741689293747,0.5,True,1,0.9033
0.8369930086200371,0.5,True,1,0.9033
0.8297833486322268,0.5,True,1,0.9033
0.8294234328290309,0.5,True,1,0.9033
0.899312450967822,0.5,True,0,0.904
0.8320882958464241,0.5,True,0,0.9033
0.8297650839054231,0.5,True,0,0.9033
0.829069277633199,0.5,True,0,0.903
0.8283733208038203,0.5,True,0,0.903
0.8276670738080758,0.5,True,0,0.9023
0.7133715495891739,0.5,True,0,0.9023
0.8267980066446556,0.5,True,0,0.902
0.8202739539433831,0.5,True,1,0.902
0.8362608165908149,0.5,True,1,0.902
0.826148824440499,0.5,True,1,0.902
0.8262900238457027,0.5,True,1,0.902
0.8259164318790055,0.5,True,1,0.902
0.8442352193788378,0.5,True,1,0.902
0.8275792619851748,0.5,True,1,0.902
0.8677006651630924,0.5,True,1,0.9023
0.8541183442704159,0.5,True,1,0.9023
0.8266758757268277,0.5,True,1,0.9023
0.8260634509784744,0.5,True,1,0.9023
0.8133247509673291,0.5,True,1,0.9023
0.7284315966274113,0.5,True,1,0.9023
0.8271553154691822,0.5,True,1,0.9023
0.82690310308428,0.5,True,1,0.9023
0.8270500747792189,0.5,True,1,0.9023
0.8269584328854996,0.5,True,1,0.9023
0.827261460191959,0.5,True,1,0.903
0.8274064631093904,0.5,True,1,0.903
0.8381109984670295,0.5,True,1,0.903
0.7890428300658953,0.5,True,1,0.903
0.8276868502659236,0.5,True,1,0.903
0.8278712770541433,0.5,True,0,0.903
0.827609082766771,0.5,True,0,0.903
0.8269028293366794,0.5,True,0,0.9023
0.8471353436481377,0.5,True,0,0.9023
0.8306800913404676,0.5,True,0,0.902
0.7917562961099339,0.5,True,0,0.902
0.7886820036388481,0.5,True,0,0.9014
0.8409764054273293,0.5,True,0,0.9014
0.7534046617269958,0.5,True,0,0.901
0.8189629402059194,0.5,True,0,0.901
0.8246956762835005,0.5,True,0,0.9004
0.7566836071547599,0.5,True,0,0.9004
0.8238297270623607,0.5,True,0,0.9
0.8276814306680862,0.5,True,0,0.9
0.7129727310796368,0.5,True,0,0.8994
0.8228669407048309,0.5,True,0,0.8994
0.822191975159873,0.5,True,0,0.8994
0.821748513723344,0.5,True,0,0.899
0.8251708683594438,0.5,True,0,0.899
0.8236486426444023,0.5,True,0,0.8984
0.819569242402362,0.5,True,0,0.8984
0.8189111994359096,0.5,True,0,0.898
0.8182427421421241,0.5,True,0,0.898
0.8176194442187606,0.5,True,1,0.8975
0.8182626439094179,0.5,True,1,0.8975
0.8158881886573457,0.5,True,1,0.8975
0.8184015384581126,0.5,True,1,0.898
0.8186696782387971,0.5,True,1,0.898
0.7679977655897451,0.5,True,1,0.898
0.8901029118927528,0.5,True,1,0.898
0.8184066791769109,0.5,True,1,0.898
0.8185591797008002,0.5,True,1,0.898
0.8188859888078363,0.5,True,1,0.898
0.8190228431064871,0.5,True,1,0.898
0.8191643002156217,0.5,True,1,0.898
0.8194337101065621,0.5,True,1,0.8984
0.8195803806502121,0.5,True,1,0.8984
0.8197361253851809,0.5,True,1,0.8984
0.819871929927962,0.5,True,1,0.8984
0.7713875456432905,0.5,True,1,0.8984
0.8719724770171092,0.5,True,1,0.8984
0.8779518480635573,0.5,True,1,0.8984
0.8202988402449828,0.5,True,1,0.8984
0.8205344956356443,0.5,True,1,0.8984
0.8408598355454492,0.5,True,1,0.8984
0.8203596186371822,0.5,True,1,0.899
0.8208140708664624,0.5,True,1,0.899
0.8209605180408365,0.5,True,1,0.899
0.8210975744099569,0.5,True,1,0.899
0.8067947790111838,0.5,True,1,0.899
0.8211648213264937,0.5,True,1,0.899
0.8213076919959499,0.5,True,1,0.899
0.7636636929017268,0.5,True,1,0.899
0.8211829864972848,0.5,True,1,0.899
0.8145880915391772,0.5,True,1,0.8994
0.8213679705961362,0.5,True,1,0.8994
0.8215743402424943,0.5,True,1,0.8994
0.8219401664907527,0.5,True,1,0.8994
0.8220956927541501,0.5,True,1,0.8994
0.8222286456952874,0.5,True,1,0.8994
0.8224647559933705,0.5,True,1,0.8994
0.8186582337985517,0.5,True,1,0.8994
0.8223772040474437,0.5,True,1,0.8994
0.8227455694278295,0.5,True,1,0.8994
0.8121046846534332,0.5,True,1,0.9
0.8007878029170744,0.5,True,1,0.9
0.8226067073451243,0.5,True,1,0.9
0.8227930286690424,0.5,True,1,0.9
0.8128096593619089,0.5,True,0,0.9
0.822996509235709,0.5,True,0,0.8994
0.8997214280348927,0.5,True,0,0.8994
0.8224076726440529,0.5,True,0,0.8994
0.8213053992280663,0.5,True,0,0.899
0.8207194334677997,0.5,True,0,0.899
0.8200542097294516,0.5,True,0,0.8984
0.8865275182803226,0.5,True,0,0.8984
0.7323115491057499,0.5,True,0,0.898
0.8192934301414033,0.5,True,0,0.898
0.8186196588612371,0.5,True,0,0.8975
0.8183802097133147,0.5,True,0,0.8975
0.8242477704521669,0.5,True,0,0.897
0.8201892634325695,0.5,True,0,0.897
0.8306644937572685,0.5,True,0,0.897
0.8172353491455082,0.5,True,0,0.8965
0.8680106629564864,0.5,True,0,0.8965
0.8165016375629527,0.5,True,0,0.896
0.8334863257159941,0.5,True,0,0.896
0.8902276828424951,0.5,True,0,0.8955
0.8153979296219528,0.5,True,0,0.8955
0.8147271856773629,0.5,True,0,0.895
0.8144747209661105,0.5,True,0,0.895
0.9357628248174352,0.5,True,0,0.895
0.8139678434308356,0.5,True,0,0.8945
0.8134621819781765,0.5,True,0,0.8945
0.852521635577797,0.5,True,0,0.894
0.8219452005070917,0.5,True,0,0.894
0.8123093261259056,0.5,True,0,0.8936
0.8207966419027074,0.5,True,1,0.8936
0.8122293094646481,0.5,True,1,0.8936
0.8117645050553162,0.5,True,1,0.8936
0.8122328019220953,0.5,True,1,0.8936
0.8124957716614758,0.5,True,1,0.8936
0.7018420869969337,0.5,True,1,0.8936
0.8125683032933497,0.5,True,1,0.8936
0.8128770176874126,0.5,True,1,0.894
0.8124077216389749,0.5,True,1,0.894
0.8125662102842311,0.5,True,1,0.894
0.7544837747483909,0.5,True,1,0.894
0.8127737941787705,0.5,True,1,0.894
0.7578794655256361,0.5,True,1,0.894
0.8620257396237785,0.5,True,1,0.894
0.8400038614524878,0.5,True,1,0.894
